UF;IBGE;NOME_MUNICIPIO;ENTIDADE;Adesão 
PA;150010;ABAETETUBA;SECRETARIA MUNICIPAL DE SAUDE DE ABAETETUBA;Sim
PA;150010;ABAETETUBA;;Não
PA;150013;ABEL FIGUEIREDO;;Não
TO;170025;ABREULANDIA;SECRETARIA MUNICIPAL DE SAUDE DE ABREULANDIA/TO;Sim
TO;170025;ABREULÂNDIA;;Não
PA;150020;ACARA;SECRETARIA MUNICIPAL DE SAUDE DE ACARA;Sim
PA;150020;ACARÁ;;Não
AC;120001;ACRELANDIA;SECRETARIA MUNICIPAL DE SAUDE DE ACRELANDIA/AC;Sim
AC;120001;ACRELÂNDIA;;Não
PA;150030;AFUA;SECRETARIA MUNICIPAL DE SAUDE DE AFUA;Sim
PA;150030;AFUÁ;;Não
PA;150034;AGUA AZUL DO NORTE;SECRETARIA MUNICIPAL DE SAUDE DE AGUA AZUL DO NORTE;Sim
PA;150034;ÁGUA AZUL DO NORTE;;Não
TO;170030;AGUIARNÓPOLIS;;Não
PA;150040;ALENQUER;SECRETARIA MUNICIPAL DE SAUDE DE ALENQUER;Sim
PA;150040;ALENQUER;;Não
TO;170035;ALIANCA DO TOCANTINS;SECRETARIA MUNICIPAL DE SAUDE DE ALIANCA DO TOCANTINS/TO;Sim
TO;170035;ALIANÇA DO TOCANTINS;;Não
TO;170040;ALMAS;SECRETARIA MUNICIPAL DE SAUDE DE ALMAS/TO;Sim
TO;170040;ALMAS;;Não
PA;150050;ALMEIRIM;SECRETARIA MUNICIPAL DE SAUDE DE ALMEIRIM;Sim
PA;150050;ALMEIRIM;;Não
RO;110001;ALTA FLORESTA D'OESTE;SECRETARIA MUNICIPAL DE SAUDE DE ALTA FLORESTA DO OESTE/RO;Sim
RO;110001;ALTA FLORESTA D'OESTE;;Não
PA;150060;ALTAMIRA;SECRETARIA MUNICIPAL DE SAUDE DE ALTAMIRA;Sim
PA;150060;ALTAMIRA;;Não
RR;140005;ALTO ALEGRE;SECRETARIA MUNICIPAL DE SAUDE ALTO ALEGRE/RR;Sim
RR;140005;ALTO ALEGRE;;Não
RO;110037;ALTO ALEGRE DOS PARECIS;;Não
RO;110040;ALTO PARAISO;SECRETARIA MUNICIPAL DE SAUDE ALTO PARAISO/RO;Sim
RO;110040;ALTO PARAÍSO;;Não
AM;130002;ALVARAES;SECRETARIA MUNICIPAL DE SAUDE DE ALVARAES/AM;Sim
AM;130002;ALVARÃES;;Não
TO;170070;ALVORADA;SECRETARIA MUNICIPAL DE SAUDE DE ALVORADA/TO;Sim
TO;170070;ALVORADA;;Não
RO;110034;ALVORADA D'OESTE;SECRETARIA MUNICIPAL DE SAUDE ALVORADA DO OESTE/RO;Sim
RO;110034;ALVORADA D'OESTE;;Não
RR;140002;AMAJARI;SECRETARIA MUNICIPAL DE SAUDE DE AMAJARI/RR;Sim
RR;140002;AMAJARI;;Não
AP;160010;AMAPÁ;;Não
AM;130006;AMATURA;SECRETARIA MUNICIPAL DE SAUDE DE AMATURA/AM;Sim
AM;130006;AMATURÁ;;Não
PA;150070;ANAJAS;SECRETARIA MUNICIPAL DE SAUDE DE ANAJAS;Sim
PA;150070;ANAJÁS;;Não
AM;130008;ANAMÃ;;Não
TO;170100;ANANÁS;;Não
PA;150080;ANANINDEUA;SECRETARIA MUNICIPAL DE SAUDE DE ANANINDEUA;Sim
PA;150080;ANANINDEUA;;Não
PA;150085;ANAPU;SECRETARIA MUNICIPAL DE SAUDE DE ANAPU;Sim
PA;150085;ANAPU;;Não
TO;170105;ANGICO;;Não
AM;130010;ANORI;SECRETARIA MUNICIPAL DE SAUDE DE ANORI/AM;Sim
AM;130010;ANORI;;Não
TO;170110;APARECIDA DO RIO NEGRO;SECRETARIA MUNICIPAL DE SAUDE DE APARECIDA DO RIO NEGRO/TO;Sim
TO;170110;APARECIDA DO RIO NEGRO;;Não
AM;130014;APUI;SECRETARIA MUNICIPAL DE SAUDE DE APUI/AM;Sim
AM;130014;APUÍ;;Não
TO;170130;ARAGOMINAS;SECRETARIA MUNICIPAL DE SAUDE DE ARAGOMINAS/TO;Sim
TO;170130;ARAGOMINAS;;Não
TO;170190;ARAGUACEMA;SECRETARIA MUNICIPAL DE SAUDE DE ARAGUACEMA/TO;Sim
TO;170190;ARAGUACEMA;;Não
TO;170200;ARAGUACU;SECRETARIA MUNICIPAL DE SAUDE DE ARAGUACU/TO;Sim
TO;170200;ARAGUAÇU;;Não
TO;170210;ARAGUAINA;SECRETARIA MUNICIPAL DE SAUDE DE ARAGUAINA/TO;Sim
TO;170210;ARAGUAÍNA;;Não
TO;170215;ARAGUANA;SECRETARIA MUNICIPAL DE SAUDE DE ARAGUANA/TO;Sim
TO;170215;ARAGUANÃ;;Não
TO;170220;ARAGUATINS;SECRETARIA MUNICIPAL DE SAUDE DE ARAGUATINS/TO;Sim
TO;170220;ARAGUATINS;;Não
TO;170230;ARAPOEMA;SECRETARIA MUNICIPAL DE SAUDE DE ARAPOEMA/TO;Sim
TO;170230;ARAPOEMA;;Não
RO;110002;ARIQUEMES;SECRETARIA MUNICIPAL DE SAUDE ARIQUEMES/RO;Sim
RO;110002;ARIQUEMES;;Não
TO;170240;ARRAIAS;;Não
AC;120005;ASSIS BRASIL;SECRETARIA MUNICIPAL DE SAUDE DE ASSIS BRASIL/AC;Sim
AC;120005;ASSIS BRASIL;;Não
AM;130020;ATALAIA DO NORTE;;Não
TO;170255;AUGUSTINÓPOLIS;;Não
PA;150090;AUGUSTO CORREA;SECRETARIA MUNICIPAL DE SAUDE DE AUGUSTO CORREA;Sim
PA;150090;AUGUSTO CORRÊA;;Não
PA;150095;AURORA DO PARA;SECRETARIA MUNICIPAL DE SAUDE DE AURORA DO PARA;Sim
PA;150095;AURORA DO PARÁ;;Não
TO;170270;AURORA DO TOCANTINS;;Não
AM;130030;AUTAZES;;Não
PA;150100;AVEIRO;SECRETARIA MUNICIPAL DE SAUDE DE AVEIRO;Sim
PA;150100;AVEIRO;;Não
TO;170290;AXIXA DO TOCANTINS;SECRETARIA MUNICIPAL DE SAUDE DE AXIXA DO TOCANTINS/TO;Sim
TO;170290;AXIXÁ DO TOCANTINS;;Não
TO;170300;BABACULANDIA;SECRETARIA MUNICIPAL DE SAUDE DE BABACULANDIA/TO;Sim
TO;170300;BABAÇULÂNDIA;;Não
PA;150110;BAGRE;SECRETARIA MUNICIPAL DE SAUDE DE BAGRE;Sim
PA;150110;BAGRE;;Não
PA;150120;BAIAO;SECRETARIA MUNICIPAL DE SAUDE DE BAIAO;Sim
PA;150120;BAIÃO;;Não
TO;170305;BANDEIRANTES DO TOCANTINS;SECRETARIA MUNICIPAL DE SAUDE DE BANDEIRANTES DO TOCANTINS/TO;Sim
TO;170305;BANDEIRANTES DO TOCANTINS;;Não
PA;150125;BANNACH;;Não
PA;150130;BARCARENA;SECRETARIA MUNICIPAL DE SAUDE DE BARCARENA;Sim
PA;150130;BARCARENA;;Não
AM;130040;BARCELOS;SECRETARIA MUNICIPAL DE SAUDE DE BARCELOS/AM;Sim
AM;130040;BARCELOS;;Não
TO;170307;BARRA DO OURO;SECRETARIA MUNICIPAL DE SAUDE DE BARRA DO OURO;Sim
TO;170307;BARRA DO OURO;;Não
AM;130050;BARREIRINHA;;Não
TO;170310;BARROLANDIA;SECRETARIA MUNICIPAL DE SAUDE DE BARROLANDIA;Sim
TO;170310;BARROLÂNDIA;;Não
PA;150140;BELEM;SECRETARIA MUNICIPAL DE SAUDE DE BELEM ;Sim
PA;150140;BELÉM;;Não
PA;150145;BELTERRA;SECRETARIA MUNICIPAL DE SAUDE DE BELTERRA;Sim
PA;150145;BELTERRA;;Não
PA;150150;BENEVIDES;SECRETARIA MUNICIPAL DE SAUDE DE BENEVIDES;Sim
PA;150150;BENEVIDES;;Não
AM;130060;BENJAMIN CONSTANT;;Não
TO;170320;BERNARDO SAYAO;SECRETARIA MUNICIPAL DE SAUDE DE BERNARDO SAYAO;Sim
TO;170320;BERNARDO SAYÃO;;Não
AM;130063;BERURI;SECRETARIA MUNICIPAL DE SAUDE DE BERURI/AM;Sim
AM;130063;BERURI;;Não
RR;140010;BOA VISTA;SECRETARIA MUNICIPAL DE SAUDE DE BOA VISTA/RR;Sim
RR;140010;BOA VISTA;;Não
AM;130068;BOA VISTA DO RAMOS;;Não
AM;130070;BOCA DO ACRE;;Não
PA;150157;BOM JESUS DO TOCANTINS;SECRETARIA MUNICIPAL DE SAUDE DE BOM JESUS DO TOCANTINS/PA;Sim
TO;170330;BOM JESUS DO TOCANTINS;SECRETARIA MUNICIPAL DE SAUDE DE BOM JESUS DO TOCANTINS/TO;Sim
PA;150157;BOM JESUS DO TOCANTINS;;Não
TO;170330;BOM JESUS DO TOCANTINS;;Não
RR;140015;BONFIM;SECRETARIA MUNICIPAL DE SAUDE DE BONFIM/RR;Sim
RR;140015;BONFIM;;Não
PA;150160;BONITO;SECRETARIA MUNICIPAL DE SAUDE DE BONITO;Sim
PA;150160;BONITO;;Não
AM;130080;BORBA;SECRETARIA MUNICIPAL DE SAUDE DE BORBA/AM;Sim
AM;130080;BORBA;;Não
PA;150170;BRAGANCA;SECRETARIA MUNICIPAL DE SAUDE DE BRAGANCA;Sim
PA;150170;BRAGANÇA;;Não
PA;150172;BRASIL NOVO;SECRETARIA MUNICIPAL DE SAUDE DE BRASIL NOVO;Sim
PA;150172;BRASIL NOVO;;Não
TO;170360;BRASILÂNDIA DO TOCANTINS;;Não
AC;120010;BRASILEIA;SECRETARIA MUNICIPAL DE SAUDE DE BRASILEIA/AC;Sim
AC;120010;BRASILÉIA;;Não
TO;170370;BREJINHO DE NAZARE;SECRETARIA MUNICIPAL DE SAUDE DE BREJINHO DE NAZARE;Sim
TO;170370;BREJINHO DE NAZARÉ;;Não
PA;150175;BREJO GRANDE DO ARAGUAIA;SECRETARIA MUNICIPAL DE SAUDE DE BREJO GRANDE DO ARAGUAIA;Sim
PA;150175;BREJO GRANDE DO ARAGUAIA;;Não
PA;150178;BREU BRANCO;SECRETARIA MUNICIPAL DE SAUDE DE BREU BRANCO;Sim
PA;150178;BREU BRANCO;;Não
PA;150180;BREVES;SECRETARIA MUNICIPAL DE SAUDE DE BREVES;Sim
PA;150180;BREVES;;Não
AC;120013;BUJARI;SECRETARIA MUNICIPAL DE SAUDE DE BUJARI/AC;Sim
AC;120013;BUJARI;;Não
PA;150190;BUJARU;SECRETARIA MUNICIPAL DE SAUDE DE BUJARU;Sim
PA;150190;BUJARU;;Não
TO;170380;BURITI DO TOCANTINS;SECRETARIA MUNICIPAL DE SAUDE DE BURITI DO TOCANTINS/TO;Sim
TO;170380;BURITI DO TOCANTINS;;Não
RO;110045;BURITIS;SECRETARIA MUNICIPAL DE SAUDE DE BURITIS/RO;Sim
RO;110045;BURITIS;;Não
AM;130083;CAAPIRANGA;;Não
RO;110003;CABIXI;SECRETARIA MUNICIPAL DE SAUDE DE CABIXI/RO;Sim
RO;110003;CABIXI;;Não
RO;110060;CACAULANDIA;SECRETARIA MUNICIPAL DE SAUDE DE CACAULANDIA/RO;Sim
RO;110060;CACAULÂNDIA;;Não
PA;150200;CACHOEIRA DO ARARI;SECRETARIA MUNICIPAL DE SAUDE DE CACHOEIRA DO ARARI;Sim
PA;150200;CACHOEIRA DO ARARI;;Não
PA;150195;CACHOEIRA DO PIRIA;SECRETARIA MUNICIPAL DE SAUDE DE CACHOEIRA DE PIRIA;Sim
PA;150195;CACHOEIRA DO PIRIÁ;;Não
TO;170382;CACHOEIRINHA;;Não
RO;110004;CACOAL;SECRETARIA MUNICIPAL DE SAUDE DE CACOAL/RO;Sim
RO;110004;CACOAL;;Não
AP;160020;CALÇOENE;;Não
PA;150210;CAMETA;SECRETARIA MUNICIPAL DE SAUDE DE CAMETA;Sim
PA;150210;CAMETÁ;;Não
RO;110070;CAMPO NOVO DE RONDONIA;SECRETARIA MUNICIPAL DE SAUDE DE CAMPO NOVO DE RONDONIA/RO;Sim
RO;110070;CAMPO NOVO DE RONDÔNIA;;Não
TO;170384;CAMPOS LINDOS;SECRETARIA MUNICIPAL DE SAUDE DE CAMPOS LINDOS;Sim
TO;170384;CAMPOS LINDOS;;Não
PA;150215;CANAA DOS CARAJAS;SECRETARIA MUNICIPAL DE SAUDE DE CANAA DOS CARAJAS;Sim
PA;150215;CANAÃ DOS CARAJÁS;;Não
RO;110080;CANDEIAS DO JAMARI;SECRETARIA MUNICIPAL DE SAUDE DE CANDEIAS DO JAMARI/RO;Sim
RO;110080;CANDEIAS DO JAMARI;;Não
RR;140017;CANTA;SECRETARIA MUNICIPAL DE SAUDE DE CANTA/RR;Sim
RR;140017;CANTÁ;;Não
AM;130090;CANUTAMA;;Não
PA;150220;CAPANEMA; SECRETARIA MUNICIPAL DE SAUDE DE CAPANEMA;Sim
PA;150220;CAPANEMA;;Não
PA;150230;CAPITAO POCO;SECRETARIA MUNICIPAL DE SAUDE DE CAPITAO POCO;Sim
PA;150230;CAPITÃO POÇO;;Não
AC;120017;CAPIXABA;SECRETARIA MUNICIPAL DE SAUDE DE CAPIXABA/AC;Sim
AC;120017;CAPIXABA;;Não
RR;140020;CARACARAI;SECRETARIA MUNICIPAL DE SAUDE DE CARACARAI/RR;Sim
RR;140020;CARACARAÍ;;Não
AM;130100;CARAUARI;SECRETARIA MUNICIPAL DE SAUDE DE CARAUARI/AM;Sim
AM;130100;CARAUARI;;Não
AM;130110;CAREIRO;SECRETARIA MUNICIPAL DE SAUDE DE CAREIRO/AM;Sim
AM;130110;CAREIRO;;Não
AM;130115;CAREIRO DA VÁRZEA;;Não
TO;170386;CARIRI DO TOCANTINS;;Não
TO;170388;CARMOLÂNDIA;;Não
RR;140023;CAROEBE;SECRETARIA MUNICIPAL DE SAUDE DE CAROEBE/RR;Sim
RR;140023;CAROEBE;;Não
TO;170389;CARRASCO BONITO;SECRETARIA MUNICIPAL DE SAUDE DE CARRASCO BONITO;Sim
TO;170389;CARRASCO BONITO;;Não
TO;170390;CASEARA;SECRETARIA MUNICIPAL DE SAUDE DE CASEARA;Sim
TO;170390;CASEARA;;Não
PA;150240;CASTANHAL;SECRETARIA MUNICIPAL DE SAUDE DE CASTANHAL/PA;Sim
PA;150240;CASTANHAL;;Não
RO;110090;CASTANHEIRAS;SECRETARIA MUNICIPAL DE SAUDE DE CASTANHEIRAS/RO;Sim
RO;110090;CASTANHEIRAS;;Não
TO;170410;CENTENARIO;SECRETARIA MUNICIPAL DE SAUDE DE CENTENARIO;Sim
TO;170410;CENTENÁRIO;;Não
RO;110005;CEREJEIRAS;SECRETARIA MUNICIPAL DE SAUDE DE CEREJEIRAS/RO;Sim
RO;110005;CEREJEIRAS;;Não
TO;170510;CHAPADA DA NATIVIDADE;SECRETARIA MUNICIPAL DE SAUDE DE CHAPADA DA NATIVIDADE;Sim
TO;170510;CHAPADA DA NATIVIDADE;;Não
TO;170460;CHAPADA DE AREIA;SECRETARIA MUNICIPAL DE SAUDE DE CHAPADA DA AREIA/TO;Sim
TO;170460;CHAPADA DE AREIA;;Não
PA;150250;CHAVES;SECRETARIA MUNICIPAL DE SAUDE DE CHAVES;Sim
PA;150250;CHAVES;;Não
RO;110092;CHUPINGUAIA;SECRETARIA MUNICIPAL DE SAUDE DE CHUPINGUAIA/RO;Sim
RO;110092;CHUPINGUAIA;;Não
AM;130120;COARI;SECRETARIA MUNICIPAL DE SAUDE DE COARI/AM;Sim
AM;130120;COARI;;Não
AM;130130;CODAJÁS;;Não
PA;150260;COLARES;SECRETARIA MUNICIPAL DE SAUDE DE COLARES;Sim
PA;150260;COLARES;;Não
TO;170550;COLINAS DO TOCANTINS;SECRETARIA MUNICIPAL DE SAUDE DE COLINAS DO TOCANTINS/TO;Sim
TO;170550;COLINAS DO TOCANTINS;;Não
TO;171670;COLMEIA;SECRETARIA MUNICIPAL DE SAUDE DE COLMEIA;Sim
TO;171670;COLMÉIA;;Não
RO;110006;COLORADO DO OESTE;SECRETARIA MUNICIPAL DE SAUDE DE COLORADO DO OESTE/RO;Sim
RO;110006;COLORADO DO OESTE;;Não
TO;170555;COMBINADO;SECRETARIA MUNICIPAL DE SAUDE DE COMBINADO;Sim
TO;170555;COMBINADO;;Não
PA;150270;CONCEICAO DO ARAGUAIA;SECRETARIA MUNICIPAL DE SAUDE DE CONCEICAO DO ARAGUAIA;Sim
PA;150270;CONCEIÇÃO DO ARAGUAIA;;Não
TO;170560;CONCEICAO DO TOCANTINS;SECRETARIA MUNICIPAL DE SAUDE DE CONCEICAO DO TOCANTINS/TO;Sim
TO;170560;CONCEIÇÃO DO TOCANTINS;;Não
PA;150275;CONCORDIA DO PARA;SECRETARIA MUNICIPAL DE SAUDE DE CONCORDIA DO PARA;Sim
PA;150275;CONCÓRDIA DO PARÁ;;Não
RO;110007;CORUMBIARA;SECRETARIA MUNICIPAL DE SAUDE DE CORUMBIARA/RO;Sim
RO;110007;CORUMBIARA;;Não
RO;110008;COSTA MARQUES;;Não
TO;170600;COUTO MAGALHAES;SECRETARIA MUNICIPAL DE SAUDE DE COUTO MAGALHAES;Sim
TO;170600;COUTO MAGALHÃES;;Não
TO;170610;CRISTALANDIA;SECRETARIA MUNICIPAL DE SAUDE DE CRISTALANDIA/TO;Sim
TO;170610;CRISTALÂNDIA;;Não
TO;170625;CRIXAS DO TOCANTINS;SECRETARIA MUNICIPAL DE SAUDE DE CRIXAS DO TOCANTINS/TO;Sim
TO;170625;CRIXÁS DO TOCANTINS;;Não
AC;120020;CRUZEIRO DO SUL;SECRETARIA MUNICIPAL DE SAUDE DE CRUZEIRO DO SUL/AC;Sim
AC;120020;CRUZEIRO DO SUL;;Não
RO;110094;CUJUBIM;SECRETARIA MUNICIPAL DE SAUDE DE CUJUBIM/RO;Sim
RO;110094;CUJUBIM;;Não
PA;150276;CUMARU DO NORTE;SECRETARIA MUNICIPAL DE SAUDE DE CUMARU DO NORTE;Sim
PA;150276;CUMARU DO NORTE;;Não
PA;150277;CURIONOPOLIS;SECRETARIA MUNICIPAL DE SAUDE DE CURIONOPOLIS;Sim
PA;150277;CURIONÓPOLIS;;Não
PA;150280;CURRALINHO;SECRETARIA MUNICIPAL DE SAUDE DE CURRALINHO;Sim
PA;150280;CURRALINHO;;Não
PA;150285;CURUA;SECRETARIA MUNICIPAL DE SAUDE DE CURUA;Sim
PA;150285;CURUÁ;;Não
PA;150290;CURUCA;SECRETARIA MUNICIPAL DE SAUDE DE CURUCA;Sim
PA;150290;CURUÇÁ;;Não
AP;160021;CUTIAS;SECRETARIA MUNICIPAL DE SAUDE DE CUTIAS/AP;Sim
AP;160021;CUTIAS;;Não
TO;170650;DARCINOPOLIS;SECRETARIA MUNICIPAL DE SAUDE DE DARCINOPOLIS;Sim
TO;170650;DARCINÓPOLIS;;Não
TO;170700;DIANOPOLIS;SECRETARIA MUNICIPAL DE SAUDE DE DIANOPOLIS;Sim
TO;170700;DIANÓPOLIS;;Não
TO;170710;DIVINOPOLIS DO TOCANTINS;SECRETARIA MUNICIPAL DE SAUDE DE DIVINOPOLIS DO TOCANTINS/TO;Sim
TO;170710;DIVINÓPOLIS DO TOCANTINS;;Não
TO;170720;DOIS IRMÃOS DO TOCANTINS;;Não
PA;150293;DOM ELISEU;SECRETARIA MUNICIPAL DE SAUDE DE DOM ELISEU;Sim
PA;150293;DOM ELISEU;;Não
TO;170730;DUERE;SECRETARIA MUNICIPAL DE SAUDE DE DUERE;Sim
TO;170730;DUERÉ;;Não
AM;130140;EIRUNEPE;SECRETARIA MUNICIPAL DE SAUDE DE EIRUNEPE/AM;Sim
AM;130140;EIRUNEPÉ;;Não
PA;150295;ELDORADO DO CARAJÁS;;Não
PA;150295;ELDORADO DOS CARAJAS;SECRETARIA MUNICIPAL DE SAUDE DE ELDORADO DOS CARAJAS;Sim
AM;130150;ENVIRA;SECRETARIA MUNICIPAL DE SAUDE DE ENVIRA/AM;Sim
AM;130150;ENVIRA;;Não
AC;120025;EPITACIOLÂNDIA;;Não
TO;170740;ESPERANTINA;SECRETARIA MUNICIPAL DE SAUDE DE ESPERANTINA;Sim
TO;170740;ESPERANTINA;;Não
RO;110009;ESPIGAO D'OESTE;SECRETARIA MUNICIPAL DE SAUDE DE ESPIGAO DO OESTE/RO;Sim
RO;110009;ESPIGÃO D'OESTE;;Não
PA;150300;FARO;SECRETARIA MUNICIPAL DE SAUDE DE FARO;Sim
PA;150300;FARO;;Não
TO;170755;FATIMA;SECRETARIA MUNICIPAL DE SAUDE DE FATIMA;Sim
TO;170755;FÁTIMA;;Não
AC;120030;FEIJO;SECRETARIA MUNICIPAL DE SAUDE DE FEIJO/AC;Sim
AC;120030;FEIJÓ;;Não
AP;160023;FERREIRA GOMES;;Não
TO;170765;FIGUEIROPOLIS;SECRETARIA MUNICIPAL DE SAUDE DE FIGUEIROPOLIS;Sim
TO;170765;FIGUEIRÓPOLIS;;Não
TO;170770;FILADELFIA;SECRETARIA MUNICIPAL DE SAUDE DE FILADELFIA/TO;Sim
TO;170770;FILADÉLFIA;;Não
PA;150304;FLORESTA DO ARAGUAIA;SECRETARIA MUNICIPAL DE SAUDE DE FLORESTA DO ARAGUAIA;Sim
PA;150304;FLORESTA DO ARAGUAIA;;Não
AM;130160;FONTE BOA;;Não
TO;170820;FORMOSO DO ARAGUAIA;SECRETARIA MUNICIPAL DE SAUDE DE FORMOSO DO ARAGUAIA;Sim
TO;170820;FORMOSO DO ARAGUAIA;;Não
TO;170825;FORTALEZA DO TABOCAO;SECRETARIA MUNICIPAL DE SAUDE DE FORTALEZA DO TABOCAO/TO;Sim
TO;170825;FORTALEZA DO TABOCÃO;;Não
PA;150307;GARRAFAO DO NORTE;SECRETARIA MUNICIPAL DE SAUDE DE GARRAFAO DO NORTE;Sim
PA;150307;GARRAFÃO DO NORTE;;Não
PA;150309;GOIANESIA DO PARA;SECRETARIA MUNICIPAL DE SAUDE DE GOIANESIA DO PARA;Sim
PA;150309;GOIANÉSIA DO PARÁ;;Não
TO;170830;GOIANORTE;SECRETARIA MUNICIPAL DE SAUDE DE GOIANORTE/TO;Sim
TO;170830;GOIANORTE;;Não
TO;170900;GOIATINS;SECRETARIA MUNICIPAL DE SAUDE DE GOIATINS/TO;Sim
TO;170900;GOIATINS;;Não
RO;110100;GOVERNADOR JORGE TEIXEIRA;;Não
AM;130165;GUAJARA;SECRETARIA MUNICIPAL DE SAUDE DE GUAJARA/AM;Sim
AM;130165;GUAJARÁ;;Não
RO;110010;GUAJARA-MIRIM;SECRETARIA MUNICIPAL DE SAUDE DE GUAJARA MIRIM/RO;Sim
RO;110010;GUAJARÁ-MIRIM;;Não
TO;170930;GUARAI;SECRETARIA MUNICIPAL DE SAUDE DE GUARAI/TO;Sim
TO;170930;GUARAÍ;;Não
PA;150310;GURUPA;SECRETARIA MUNICIPAL DE SAUDE DE GURUPA;Sim
PA;150310;GURUPÁ;;Não
TO;170950;GURUPI;SECRETARIA MUNICIPAL DE SAUDE DE GURUPI;Sim
TO;170950;GURUPI;;Não
AM;130170;HUMAITÁ;;Não
PA;150320;IGARAPE-ACU;SECRETARIA MUNICIPAL DE SAUDE DE IGARAPE-ACU;Sim
PA;150320;IGARAPÉ-AÇU;;Não
PA;150330;IGARAPE-MIRI;SECRETARIA MUNICIPAL DE SAUDE DE IGARAPE-MIRI;Sim
PA;150330;IGARAPÉ-MIRI;;Não
PA;150340;INHANGAPI;SECRETARIA MUNICIPAL DE SAUDE DE INHANGAPI;Sim
PA;150340;INHANGAPI;;Não
AM;130180;IPIXUNA;;Não
PA;150345;IPIXUNA DO PARA;SECRETARIA MUNICIPAL DE SAUDE DE IPIXUNA DO PARA;Sim
PA;150345;IPIXUNA DO PARÁ;;Não
TO;170980;IPUEIRAS;SECRETARIA MUNICIPAL DE SAUDE DE IPUEIRAS/TO;Sim
TO;170980;IPUEIRAS;;Não
RR;140028;IRACEMA;;Não
AM;130185;IRANDUBA;;Não
PA;150350;IRITUIA;SECRETARIA MUNICIPAL DE SAUDE DE IRITUIA;Sim
PA;150350;IRITUIA;;Não
TO;171050;ITACAJA;SECRETARIA MUNICIPAL DE SAUDE DE ITACAJA;Sim
TO;171050;ITACAJÁ;;Não
AM;130190;ITACOATIARA;SECRETARIA MUNICIPAL DE SAUDE DE ITACOATIARA/AM;Sim
AM;130190;ITACOATIARA;;Não
TO;171070;ITAGUATINS;SECRETARIA MUNICIPAL DE SAUDE DE ITAGUATINS;Sim
TO;171070;ITAGUATINS;;Não
PA;150360;ITAITUBA;SECRETARIA MUNICIPAL DE SAUDE DE ITAITUBA;Sim
PA;150360;ITAITUBA;;Não
AM;130195;ITAMARATI;SECRETARIA MUNICIPAL DE SAUDE DE ITAMARATI/AM;Sim
AM;130195;ITAMARATI;;Não
AM;130200;ITAPIRANGA;SECRETARIA MUNICIPAL DE SAUDE DE ITAPIRANGA/AM;Sim
AM;130200;ITAPIRANGA;;Não
TO;171090;ITAPIRATINS;SECRETARIA MUNICIPAL DE SAUDE DE ITAPIRATINS/TO;Sim
TO;171090;ITAPIRATINS;;Não
TO;171110;ITAPORA DO TOCANTINS;SECRETARIA MUNICIPAL DE SAUDE DE ITAPORA DO TOCANTINS/TO;Sim
TO;171110;ITAPORÃ DO TOCANTINS;;Não
RO;110110;ITAPUA DO OESTE;SECRETARIA MUNICIPAL DE SAUDE DE ITAPUA DO OESTE/RO;Sim
RO;110110;ITAPUÃ DO OESTE;;Não
AP;160025;ITAUBAL;;Não
PA;150370;ITUPIRANGA;SECRETARIA MUNICIPAL DE SAUDE DE ITUPIRANGA/PA;Sim
PA;150370;ITUPIRANGA;;Não
PA;150375;JACAREACANGA;SECRETARIA MUNICIPAL DE SAUDE DE JACAREACANGA;Sim
PA;150375;JACAREACANGA;;Não
PA;150380;JACUNDA;SECRETARIA MUNICIPAL DE SAUDE DE JACUNDA;Sim
PA;150380;JACUNDÁ;;Não
AM;130210;JAPURA;SECRETARIA MUNICIPAL DE SAUDE DE JAPURA/AM;Sim
AM;130210;JAPURÁ;;Não
RO;110011;JARU;SECRETARIA MUNICIPAL DE SAUDE DE JARU/RO;Sim
RO;110011;JARU;;Não
TO;171150;JAÚ DO TOCANTINS;;Não
RO;110012;JI-PARANA;SECRETARIA MUNICIPAL DE SAUDE DE JI-PARANA/RO;Sim
RO;110012;JI-PARANÁ;;Não
AC;120032;JORDAO;SECRETARIA MUNICIPAL DE SAUDE DE JORDAO/AC;Sim
AC;120032;JORDÃO;;Não
TO;171180;JUARINA;SECRETARIA MUNICIPAL DE SAUDE DE JUARINA/TO;Sim
TO;171180;JUARINA;;Não
AM;130220;JURUÁ;;Não
PA;150390;JURUTI;SECRETARIA MUNICIPAL DE SAUDE DE JURUTI;Sim
PA;150390;JURUTI;;Não
AM;130230;JUTAÍ;;Não
AM;130240;LABREA;SECRETARIA MUNICIPAL DE SAUDE DE LABREA/AM;Sim
AM;130240;LÁBREA;;Não
TO;171190;LAGOA DA CONFUSAO;SECRETARIA MUNICIPAL DE SAUDE DE LAGOA DA CONFUSAO/TO;Sim
TO;171190;LAGOA DA CONFUSÃO;;Não
TO;171195;LAGOA DO TOCANTINS;SECRETARIA MUNICIPAL DE SAUDE DE LAGOA DO TOCANTINS/TO;Sim
TO;171195;LAGOA DO TOCANTINS;;Não
TO;171200;LAJEADO;;Não
AP;160027;LARANJAL DO JARI;;Não
TO;171215;LAVANDEIRA;SECRETARIA MUNICIPAL DE SAUDE DE LAVANDEIRA/TO;Sim
TO;171215;LAVANDEIRA;;Não
PA;150400;LIMOEIRO DO AJURU;SECRETARIA MUNICIPAL DE SAUDE DE LIMOEIRO DO AJURU;Sim
PA;150400;LIMOEIRO DO AJURU;;Não
TO;171240;LIZARDA;SECRETARIA MUNICIPAL DE SAUDE DE LIZARDA/TO;Sim
TO;171240;LIZARDA;;Não
TO;171245;LUZINÓPOLIS;;Não
AP;160030;MACAPA;SECRETARIA MUNICIPAL DE SAUDE DE MACAPA/AP;Sim
AP;160030;MACAPÁ;;Não
RO;110013;MACHADINHO D'OESTE;SECRETARIA MUNICIPAL DE SAUDE DE MACHADINHO/RO;Sim
RO;110013;MACHADINHO D'OESTE;;Não
PA;150405;MAE DO RIO;SECRETARIA MUNICIPAL DE SAUDE DE MAE DO RIO;Sim
PA;150405;MÃE DO RIO;;Não
PA;150410;MAGALHAES BARATA;SECRETARIA MUNICIPAL DE SAUDE DE MAGALHAES BARATA;Sim
PA;150410;MAGALHÃES BARATA;;Não
AM;130250;MANACAPURU;SECRETARIA MUNICIPAL DE SAUDE DE MANACAPURU/AM;Sim
AM;130250;MANACAPURU;;Não
AM;130255;MANAQUIRI;SECRETARIA MUNICIPAL DE SAUDE DE MANAQUIRI/AM;Sim
AM;130255;MANAQUIRI;;Não
AM;130260;MANAUS;SECRETARIA MUNICIPAL DE SAUDE DE MANAUS/AM;Sim
AM;130260;MANAUS;;Não
AC;120033;MANCIO LIMA;SECRETARIA MUNICIPAL DE SAUDE DE MANCIO LIMA/AC;Sim
AC;120033;MÂNCIO LIMA;;Não
AM;130270;MANICORE;SECRETARIA MUNICIPAL DE SAUDE DE MANICORE/AM;Sim
AM;130270;MANICORÉ;;Não
AC;120034;MANOEL URBANO;SECRETARIA MUNICIPAL DE SAUDE DE MANUEL URBANO/AC;Sim
AC;120034;MANOEL URBANO;;Não
AM;130280;MARAA;SECRETARIA MUNICIPAL DE SAUDE DE MARAA/AM;Sim
AM;130280;MARAÃ;;Não
PA;150420;MARABA;SECRETARIA MUNICIPAL DE SAUDE DE MARABA;Sim
PA;150420;MARABÁ;;Não
PA;150430;MARACANA;SECRETARIA MUNICIPAL DE SAUDE DE MARACANA;Sim
PA;150430;MARACANÃ;;Não
PA;150440;MARAPANIM;SECRETARIA MUNICIPAL DE SAUDE DE MARAPANIM;Sim
PA;150440;MARAPANIM;;Não
AC;120035;MARECHAL THAUMATURGO;SECRETARIA MUNICIPAL DE SAUDE DE MARECHAL THAUMATURGO/AC;Sim
AC;120035;MARECHAL THAUMATURGO;;Não
TO;171250;MARIANOPOLIS DO TOCANTINS;SECRETARIA MUNICIPAL DE SAUDE DE MARIANOPOLIS;Sim
TO;171250;MARIANÓPOLIS DO TOCANTINS;;Não
PA;150442;MARITUBA;SECRETARIA MUNICIPAL DE SAUDE DE MARITUBA;Sim
PA;150442;MARITUBA;;Não
TO;171270;MATEIROS;;Não
AM;130290;MAUES;SECRETARIA MUNICIPAL DE SAUDE DE MAUES/AM;Sim
AM;130290;MAUÉS;;Não
TO;171280;MAURILANDIA DO TOCANTINS;SECRETARIA MUNICIPAL DE SAUDE DE MAURILANDIA DO TOCANTINS/TO;Sim
TO;171280;MAURILÂNDIA DO TOCANTINS;;Não
AP;160040;MAZAGÃO;;Não
PA;150445;MEDICILANDIA;SECRETARIA MUNICIPAL DE SAUDE DE MEDICILANDIA;Sim
PA;150445;MEDICILÂNDIA;;Não
PA;150450;MELGACO;SECRETARIA MUNICIPAL DE SAUDE DE MELGACO;Sim
PA;150450;MELGAÇO;;Não
RO;110120;MINISTRO ANDREAZZA;SECRETARIA MUNICIPAL DE SAUDE DE MINISTRO ANDREAZZA/RO;Sim
RO;110120;MINISTRO ANDREAZZA;;Não
TO;171320;MIRACEMA DO TOCANTINS;SECRETARIA MUNICIPAL DE SAUDE DE MIRACEMA DO TOCANTINS/TO;Sim
TO;171320;MIRACEMA DO TOCANTINS;;Não
TO;171330;MIRANORTE;;Não
RO;110130;MIRANTE DA SERRA;;Não
PA;150460;MOCAJUBA;SECRETARIA MUNICIPAL DE SAUDE DE MOCAJUBA;Sim
PA;150460;MOCAJUBA;;Não
PA;150470;MOJU;SECRETARIA MUNICIPAL DE SAUDE DE MOJU;Sim
PA;150470;MOJU;;Não
PA;150475;MOJUÍ DOS CAMPOS;;Não
PA;150480;MONTE ALEGRE;SECRETARIA MUNICIPAL DE SAUDE DE MONTE ALEGRE;Sim
PA;150480;MONTE ALEGRE;;Não
TO;171360;MONTE DO CARMO;SECRETARIA MUNICIPAL DE SAUDE DE MONTE DO CARMO ;Sim
TO;171360;MONTE DO CARMO;;Não
RO;110140;MONTE NEGRO;SECRETARIA MUNICIPAL DE SAUDE DE MONTE NEGRO/RO;Sim
RO;110140;MONTE NEGRO;;Não
TO;171370;MONTE SANTO DO TOCANTINS;;Não
PA;150490;MUANA;SECRETARIA MUNICIPAL DE SAUDE DE MUANA;Sim
PA;150490;MUANÁ;;Não
RR;140030;MUCAJAI;SECRETARIA MUNICIPAL DE SAUDE DE MUCAJAI/RR;Sim
RR;140030;MUCAJAÍ;;Não
TO;171395;MURICILANDIA;SECRETARIA MUNICIPAL DE SAUDE DE MURICILANDIA;Sim
TO;171395;MURICILÂNDIA;;Não
TO;171420;NATIVIDADE;SECRETARIA MUNICIPAL DE SAUDE DE NATIVIDADE;Sim
TO;171420;NATIVIDADE;;Não
TO;171430;NAZARÉ;;Não
AM;130300;NHAMUNDÁ;;Não
RR;140040;NORMANDIA;SECRETARIA MUNICIPAL DE SAUDE DE NORMANDIA/RR;Sim
RR;140040;NORMANDIA;;Não
RO;110014;NOVA BRASILANDIA D'OESTE;SECRETARIA MUNICIPAL DE SAUDE DE NOVA BRASILANDIA D`OESTE/RO;Sim
RO;110014;NOVA BRASILÂNDIA D'OESTE;;Não
PA;150495;NOVA ESPERANCA DO PIRIA;SECRETARIA MUNICIPAL DE SAUDE DE NOVA ESPERANCA DO PIRIA;Sim
PA;150495;NOVA ESPERANÇA DO PIRIÁ;;Não
PA;150497;NOVA IPIXUNA;SECRETARIA MUNICIPAL DE SAUDE DE NOVA IPIXUNA;Sim
PA;150497;NOVA IPIXUNA;;Não
RO;110033;NOVA MAMORE;SECRETARIA MUNICIPAL DE SAUDE DE NOVA MAMORE/RO;Sim
RO;110033;NOVA MAMORÉ;;Não
TO;171488;NOVA OLINDA;SECRETARIA MUNICIPAL DE SAUDE DE NOVA OLINDA/TO;Sim
TO;171488;NOVA OLINDA;;Não
AM;130310;NOVA OLINDA DO NORTE;;Não
TO;171500;NOVA ROSALANDIA;SECRETARIA MUNICIPAL DE SAUDE DE NOVA ROSALANDIA;Sim
TO;171500;NOVA ROSALÂNDIA;;Não
PA;150500;NOVA TIMBOTEUA;SECRETARIA MUNICIPAL DE SAUDE DE NOVA TIMBOTEUA;Sim
PA;150500;NOVA TIMBOTEUA;;Não
RO;110143;NOVA UNIAO;SECRETARIA MUNICIPAL DE SAUDE DE NOVA UNIAO/RO;Sim
RO;110143;NOVA UNIÃO;;Não
TO;171510;NOVO ACORDO;SECRETARIA MUNICIPAL DE SAUDE DE NOVO ACORDO;Sim
TO;171510;NOVO ACORDO;;Não
AM;130320;NOVO AIRÃO;;Não
TO;171515;NOVO ALEGRE;;Não
AM;130330;NOVO ARIPUANÃ;;Não
RO;110050;NOVO HORIZONTE DO OESTE;SECRETARIA MUNICIPAL DE SAUDE DE NOVO HORIZONTE DO OESTE/RO;Sim
RO;110050;NOVO HORIZONTE DO OESTE;;Não
TO;171525;NOVO JARDIM;;Não
PA;150503;NOVO PROGRESSO;SECRETARIA MUNICIPAL DE SAUDE DE NOVO PROGRESSO;Sim
PA;150503;NOVO PROGRESSO;;Não
PA;150506;NOVO REPARTIMENTO;SECRETARIA MUNICIPAL DE SAUDE DE NOVO REPARTIMENTO;Sim
PA;150506;NOVO REPARTIMENTO;;Não
PA;150510;OBIDOS;SECRETARIA MUNICIPAL DE SAUDE DE OBIDOS;Sim
PA;150510;ÓBIDOS;;Não
PA;150520;OEIRAS DO PARA;SECRETARIA MUNICIPAL DE SAUDE DE OEIRAS DO PARA;Sim
PA;150520;OEIRAS DO PARÁ;;Não
AP;160050;OIAPOQUE;;Não
TO;171550;OLIVEIRA DE FATIMA;SECRETARIA MUNICIPAL DE SAUDE DE OLIVEIRA DE FATIMA;Sim
TO;171550;OLIVEIRA DE FÁTIMA;;Não
PA;150530;ORIXIMINA;SECRETARIA MUNICIPAL DE SAUDE DE ORIXIMINA;Sim
PA;150530;ORIXIMINÁ;;Não
PA;150540;OUREM;SECRETARIA MUNICIPAL DE SAUDE DE OUREM;Sim
PA;150540;OURÉM;;Não
PA;150543;OURILANDIA DO NORTE;SECRETARIA MUNICIPAL DE SAUDE DE OURILANDIA DO NORTE;Sim
PA;150543;OURILÂNDIA DO NORTE;;Não
RO;110015;OURO PRETO DO OESTE;SECRETARIA MUNICIPAL DE SAUDE DE OURO PRETO DO OESTE/RO;Sim
RO;110015;OURO PRETO DO OESTE;;Não
PA;150548;PACAJA;SECRETARIA MUNICIPAL DE SAUDE DE PACAJA;Sim
PA;150548;PACAJÁ;;Não
RR;140045;PACARAIMA;SECRETARIA MUNICIPAL DE SAUDE DE PACARAIMA/RR;Sim
RR;140045;PACARAIMA;;Não
PA;150549;PALESTINA DO PARA;SECRETARIA MUNICIPAL DE SAUDE DE PALESTINA DO PARA;Sim
PA;150549;PALESTINA DO PARÁ;;Não
TO;172100;PALMAS;SECRETARIA MUNICIPAL DE SAUDE DE PALMAS/TO;Sim
TO;172100;PALMAS;;Não
TO;171570;PALMEIRANTE;SECRETARIA MUNICIPAL DE SAUDE DE PALMEIRANTE/TO;Sim
TO;171570;PALMEIRANTE;;Não
TO;171380;PALMEIRAS DO TOCANTINS;SECRETARIA MUNICIPAL DE SAUDE DE PALMEIRAS DO TOCANTINS/TO;Sim
TO;171380;PALMEIRAS DO TOCANTINS;;Não
TO;171575;PALMEIROPOLIS;SECRETARIA MUNICIPAL DE SAUDE DE PALMEIROPOLIS;Sim
TO;171575;PALMEIRÓPOLIS;;Não
PA;150550;PARAGOMINAS;SECRETARIA MUNICIPAL DE SAUDE DE PARAGOMINAS;Sim
PA;150550;PARAGOMINAS;;Não
TO;171610;PARAISO DO TOCANTINS;SECRETARIA MUNICIPAL DE SAUDE DE PARAISO DO TOCANTINS/TO;Sim
TO;171610;PARAÍSO DO TOCANTINS;;Não
TO;171620;PARANA;SECRETARIA MUNICIPAL DE SAUDE DE PARANA;Sim
TO;171620;PARANÃ;;Não
PA;150553;PARAUAPEBAS;SECRETARIA MUNICIPAL DE SAUDE DE PARAUAPEBAS;Sim
PA;150553;PARAUAPEBAS;;Não
RO;110145;PARECIS;;Não
AM;130340;PARINTINS;;Não
TO;171630;PAU D'ARCO;SECRETARIA MUNICIPAL DE SAUDE DE PAU DARCO/TO;Sim
PA;150555;PAU D'ARCO;SECRETARIA MUNICIPAL DE SAUDE DE PAU D`ARCO;Sim
PA;150555;PAU D'ARCO;;Não
TO;171630;PAU D'ARCO;;Não
AM;130350;PAUINI;;Não
AP;160015;PEDRA BRANCA DO AMAPARI;SECRETARIA MUNICIPAL DE SAUDE DE PEDRA BRANCA DO AMAPARI/AP;Sim
AP;160015;PEDRA BRANCA DO AMAPARI;;Não
TO;171650;PEDRO AFONSO;SECRETARIA MUNICIPAL DE SAUDE DE PEDRO AFONSO;Sim
TO;171650;PEDRO AFONSO;;Não
TO;171660;PEIXE;SECRETARIA MUNICIPAL DE SAUDE DE PEIXE;Sim
TO;171660;PEIXE;;Não
PA;150560;PEIXE-BOI;SECRETARIA MUNICIPAL DE SAUDE DE PEIXE-BOI;Sim
PA;150560;PEIXE-BOI;;Não
TO;171665;PEQUIZEIRO;SECRETARIA MUNICIPAL DE SAUDE DE PEQUIZEIRO;Sim
TO;171665;PEQUIZEIRO;;Não
PA;150563;PICARRA;SECRETARIA MUNICIPAL DE SAUDE DE PICARRA;Sim
PA;150563;PIÇARRA;;Não
RO;110018;PIMENTA BUENO;SECRETARIA MUNICIPAL DE SAUDE DE PIMENTA BUENO/RO;Sim
RO;110018;PIMENTA BUENO;;Não
RO;110146;PIMENTEIRAS DO OESTE;SECRETARIA MUNICIPAL DE SAUDE DE PIMENTEIRAS DO OESTE/RO;Sim
RO;110146;PIMENTEIRAS DO OESTE;;Não
TO;171700;PINDORAMA DO TOCANTINS;SECRETARIA MUNICIPAL DE SAUDE DE PINDORAMA/TO;Sim
TO;171700;PINDORAMA DO TOCANTINS;;Não
TO;171720;PIRAQUE;SECRETARIA MUNICIPAL DE SAUDE DE PIRAQUE;Sim
TO;171720;PIRAQUÊ;;Não
TO;171750;PIUM;SECRETARIA MUNICIPAL DE SAUDE DE PIUM;Sim
TO;171750;PIUM;;Não
PA;150565;PLACAS;SECRETARIA MUNICIPAL DE SAUDE DE PLACAS;Sim
PA;150565;PLACAS;;Não
AC;120038;PLACIDO DE CASTRO;SECRETARIA MUNICIPAL DE SAUDE DE PLACIDO DE CASTRO/AC;Sim
AC;120038;PLÁCIDO DE CASTRO;;Não
PA;150570;PONTA DE PEDRAS;SECRETARIA MUNICIPAL DE SAUDE DE PONTA DE PEDRAS;Sim
PA;150570;PONTA DE PEDRAS;;Não
TO;171780;PONTE ALTA DO BOM JESUS;SECRETARIA MUNICIPAL DE SAUDE DE PONTE ALTA DO BOM JESUS;Sim
TO;171780;PONTE ALTA DO BOM JESUS;;Não
TO;171790;PONTE ALTA DO TOCANTINS;SECRETARIA MUNICIPAL DE SAUDE DE PONTE ALTA DO TOCANTINS/TO;Sim
TO;171790;PONTE ALTA DO TOCANTINS;;Não
PA;150580;PORTEL;SECRETARIA MUNICIPAL DE SAUDE DE PORTEL;Sim
PA;150580;PORTEL;;Não
AC;120080;PORTO ACRE;SECRETARIA MUNICIPAL DE SAUDE DE PORTO ACRE/AC;Sim
AC;120080;PORTO ACRE;;Não
TO;171800;PORTO ALEGRE DO TOCANTINS;SECRETARIA MUNICIPAL DE SAUDE DE PORTO ALEGRE DO TOCANTINS/TO;Sim
TO;171800;PORTO ALEGRE DO TOCANTINS;;Não
PA;150590;PORTO DE MOZ;SECRETARIA MUNICIPAL DE SAUDE DE PORTO DE MOZ;Sim
PA;150590;PORTO DE MOZ;;Não
AP;160053;PORTO GRANDE;SECRETARIA MUNICIPAL DE SAUDE DE PORTO GRANDE/AP;Sim
AP;160053;PORTO GRANDE;;Não
TO;171820;PORTO NACIONAL;SECRETARIA MUNICIPAL DE SAUDE DE PORTO NACIONAL/TO;Sim
TO;171820;PORTO NACIONAL;;Não
RO;110020;PORTO VELHO;SECRETARIA MUNICIPAL DE SAUDE DE PORTO VELHO/RO;Sim
RO;110020;PORTO VELHO;;Não
AC;120039;PORTO WALTER;SECRETARIA MUNICIPAL DE SAUDE DE PORTO WALTER/AC;Sim
AC;120039;PORTO WALTER;;Não
AP;160055;PRACUUBA;SECRETARIA MUNICIPAL DE SAUDE DE PRACUUBA;Sim
AP;160055;PRACUÚBA;;Não
TO;171830;PRAIA NORTE;;Não
PA;150600;PRAINHA;SECRETARIA MUNICIPAL DE SAUDE DE PRAINHA;Sim
PA;150600;PRAINHA;;Não
AM;130353;PRESIDENTE FIGUEIREDO;SECRETARIA MUNICIPAL DE SAUDE DE PRESIDENTE FIGUEIREDO/AM;Sim
AM;130353;PRESIDENTE FIGUEIREDO;;Não
TO;171840;PRESIDENTE KENNEDY;SECRETARIA MUNICIPAL DE SAUDE DE PRESIDENTE KENNEDY/TO;Sim
TO;171840;PRESIDENTE KENNEDY;;Não
RO;110025;PRESIDENTE MEDICI;SECRETARIA MUNICIPAL DE SAUDE DE PRESIDENTE MEDICI/RO;Sim
RO;110025;PRESIDENTE MÉDICI;;Não
PA;150610;PRIMAVERA;SECRETARIA MUNICIPAL DE SAUDE DE PRIMAVERA;Sim
PA;150610;PRIMAVERA;;Não
RO;110147;PRIMAVERA DE RONDONIA;SECRETARIA MUNICIPAL DE SAUDE DE PRIMAVERA/RO;Sim
RO;110147;PRIMAVERA DE RONDÔNIA;;Não
TO;171845;PUGMIL;SECRETARIA MUNICIPAL DE SAUDE DE PUGMIL;Sim
TO;171845;PUGMIL;;Não
PA;150611;QUATIPURU;SECRETARIA MUNICIPAL DE SAUDE DE QUATIPURU/PA;Sim
PA;150611;QUATIPURU;;Não
TO;171850;RECURSOLANDIA;SECRETARIA MUNICIPAL DE SAUDE DE RECURSOLANDIA/TO;Sim
TO;171850;RECURSOLÂNDIA;;Não
PA;150613;REDENCAO;SECRETARIA MUNICIPAL DE SAUDE DE REDENCAO;Sim
PA;150613;REDENÇÃO;;Não
TO;171855;RIACHINHO;SECRETARIA MUNICIPAL DE SAUDE DE RIACHINHO;Sim
TO;171855;RIACHINHO;;Não
AC;120040;RIO BRANCO;SECRETARIA MUNICIPAL DE SAUDE DE RIO BRANCO/AC;Sim
AC;120040;RIO BRANCO;;Não
RO;110026;RIO CRESPO;SECRETARIA MUNICIPAL DE SAUDE DE RIO CRESPO/RO;Sim
RO;110026;RIO CRESPO;;Não
TO;171865;RIO DA CONCEIÇÃO;;Não
TO;171870;RIO DOS BOIS;SECRETARIA MUNICIPAL DE SAUDE DE RIO DOS BOIS/TO;Sim
TO;171870;RIO DOS BOIS;;Não
PA;150616;RIO MARIA;SECRETARIA MUNICIPAL DE SAUDE DE RIO MARIA;Sim
PA;150616;RIO MARIA;;Não
AM;130356;RIO PRETO DA EVA;;Não
TO;171875;RIO SONO;SECRETARIA MUNICIPAL DE SAUDE DE RIO SONO;Sim
TO;171875;RIO SONO;;Não
AC;120042;RODRIGUES ALVES;SECRETARIA MUNICIPAL DE SAUDE DE RODRIGUES ALVES/AC;Sim
AC;120042;RODRIGUES ALVES;;Não
RO;110028;ROLIM DE MOURA;SECRETARIA MUNICIPAL DE SAUDE DE ROLIM DE MOURA/RO;Sim
RO;110028;ROLIM DE MOURA;;Não
PA;150618;RONDON DO PARA;SECRETARIA MUNICIPAL DE SAUDE DE RONDON DO PARA;Sim
PA;150618;RONDON DO PARÁ;;Não
RR;140047;RORAINOPOLIS;SECRETARIA MUNICIPAL DE SAUDE DE RORAINOPOLIS/RR;Sim
RR;140047;RORAINÓPOLIS;;Não
PA;150619;RUROPOLIS;SECRETARIA MUNICIPAL DE SAUDE DE RUROPOLIS;Sim
PA;150619;RURÓPOLIS;;Não
PA;150620;SALINOPOLIS;SECRETARIA MUNICIPAL DE SAUDE DE SALINOPOLIS;Sim
PA;150620;SALINÓPOLIS;;Não
PA;150630;SALVATERRA;SECRETARIA MUNICIPAL DE SAUDE DE SALVATERRA;Sim
PA;150630;SALVATERRA;;Não
TO;171880;SAMPAIO;SECRETARIA MUNICIPAL DE SAUDE DE SAMPAIO/TO;Sim
TO;171880;SAMPAIO;;Não
TO;171884;SANDOLÂNDIA;;Não
PA;150635;SANTA BARBARA DO PARA;SECRETARIA MUNICIPAL DE SAUDE DE SANTA BARBARA DO PARA;Sim
PA;150635;SANTA BÁRBARA DO PARÁ;;Não
PA;150640;SANTA CRUZ DO ARARI;SECRETARIA MUNICIPAL DE SAUDE DE SANTA CRUZ DO ARARI;Sim
PA;150640;SANTA CRUZ DO ARARI;;Não
TO;171886;SANTA FE DO ARAGUAIA;SECRETARIA MUNICIPAL DE SAUDE DE SANTA FE DO ARAGUAIA/TO;Sim
TO;171886;SANTA FÉ DO ARAGUAIA;;Não
PA;150650;SANTA ISABEL DO PARÁ;;Não
AM;130360;SANTA ISABEL DO RIO NEGRO;SECRETARIA MUNICIPAL DE SAUDE DE SANTA ISABEL DO RIO NEGRO/AM;Sim
AM;130360;SANTA ISABEL DO RIO NEGRO;;Não
PA;150650;SANTA IZABEL DO PARA;SECRETARIA MUNICIPAL DE SAUDE DE SANTA ISABEL DO PARA;Sim
PA;150655;SANTA LUZIA DO PARA;SECRETARIA MUNICIPAL DE SAUDE DE SANTA LUZIA DO PARA/PA;Sim
PA;150655;SANTA LUZIA DO PARÁ;;Não
RO;110029;SANTA LUZIA D'OESTE;SECRETARIA MUNICIPAL DE SAUDE DE SANTA LUZIA DO OESTE/RO;Sim
RO;110029;SANTA LUZIA D'OESTE;;Não
PA;150658;SANTA MARIA DAS BARREIRAS;SECRETARIA MUNICIPAL DE SAUDE DE SANTA MARIA DAS BARREIRAS;Sim
PA;150658;SANTA MARIA DAS BARREIRAS;;Não
PA;150660;SANTA MARIA DO PARA;SECRETARIA MUNICIPAL DE SAUDE DE SANTA MARIA DO PARA;Sim
PA;150660;SANTA MARIA DO PARÁ;;Não
TO;171888;SANTA MARIA DO TOCANTINS;SECRETARIA MUNICIPAL DE SAUDE DE SANTA MARIA DO TOCANTINS/TO;Sim
TO;171888;SANTA MARIA DO TOCANTINS;;Não
TO;171889;SANTA RITA DO TOCANTINS;SECRETARIA MUNICIPAL DE SAUDE DE SANTA RITA DO TOCANTINS/TO;Sim
TO;171889;SANTA RITA DO TOCANTINS;;Não
AC;120043;SANTA ROSA DO PURUS;SECRETARIA MUNICIPAL DE SAUDE DE SANTA ROSA/AC;Sim
AC;120043;SANTA ROSA DO PURUS;;Não
TO;171890;SANTA ROSA DO TOCANTINS;SECRETARIA MUNICIPAL DE SAUDE DE SANTA ROSA DO TOCANTINS/TO;Sim
TO;171890;SANTA ROSA DO TOCANTINS;;Não
TO;171900;SANTA TEREZA DO TOCANTINS;;Não
TO;172000;SANTA TEREZINHA DO TOCANTINS;;Não
AP;160060;SANTANA;SECRETARIA MUNICIPAL DE SAUDE DE SANTANA/AP;Sim
AP;160060;SANTANA;;Não
PA;150670;SANTANA DO ARAGUAIA;SECRETARIA MUNICIPAL DE SAUDE DE SANTANA DO ARAGUAIA;Sim
PA;150670;SANTANA DO ARAGUAIA;;Não
PA;150680;SANTAREM;SECRETARIA MUNICIPAL DE SAUDE DE SANTAREM;Sim
PA;150680;SANTARÉM;;Não
PA;150690;SANTAREM NOVO;SECRETARIA MUNICIPAL DE SAUDE DE SANTAREM NOVO;Sim
PA;150690;SANTARÉM NOVO;;Não
AM;130370;SANTO ANTONIO DO ICA;SECRETARIA MUNICIPAL DE SAUDE DE SANTO ANTONIO DO ICA/AM;Sim
AM;130370;SANTO ANTÔNIO DO IÇÁ;;Não
PA;150700;SANTO ANTONIO DO TAUA;SECRETARIA MUNICIPAL DE SAUDE DE SANTO ANTONIO DO TAUA;Sim
PA;150700;SANTO ANTÔNIO DO TAUÁ;;Não
TO;172010;SÃO BENTO DO TOCANTINS;;Não
PA;150710;SAO CAETANO DE ODIVELAS;SECRETARIA MUNICIPAL DE SAUDE DE SAO CAETANO DE ODIVELAS;Sim
PA;150710;SÃO CAETANO DE ODIVELAS;;Não
PA;150715;SAO DOMINGOS DO ARAGUAIA;SECRETARIA MUNICIPAL DE SAUDE DE SAO DOMINGOS DO ARAGUAIA;Sim
PA;150715;SÃO DOMINGOS DO ARAGUAIA;;Não
PA;150720;SAO DOMINGOS DO CAPIM;SECRETARIA MUNICIPAL DE SAUDE DE SAO DOMINGOS DO CAPIM;Sim
PA;150720;SÃO DOMINGOS DO CAPIM;;Não
RO;110148;SAO FELIPE D'OESTE;SECRETARIA MUNICIPAL DE SAUDE DE SAO FELIPE D`OESTE/RO;Sim
RO;110148;SÃO FELIPE D'OESTE;;Não
TO;172015;SAO FELIX DO TOCANTINS;SECRETARIA MUNICIPAL DE SAUDE DE SAO FELIX DO TOCANTINS/TO;Sim
TO;172015;SÃO FÉLIX DO TOCANTINS;;Não
PA;150730;SAO FELIX DO XINGU;SECRETARIA MUNICIPAL DE SAUDE DE SAO FELIX DO XINGU;Sim
PA;150730;SÃO FÉLIX DO XINGU;;Não
RO;110149;SÃO FRANCISCO DO GUAPORÉ;;Não
PA;150740;SAO FRANCISCO DO PARA;SECRETARIA MUNICIPAL DE SAUDE DE SAO FRANCISCO DO PARA;Sim
PA;150740;SÃO FRANCISCO DO PARÁ;;Não
AM;130380;SAO GABRIEL DA CACHOEIRA;SECRETARIA MUNICIPAL DE SAUDE DE SAO GABRIEL DA CACHOEIRA/AM;Sim
AM;130380;SÃO GABRIEL DA CACHOEIRA;;Não
PA;150745;SAO GERALDO DO ARAGUAIA;SECRETARIA MUNICIPAL DE SAUDE DE SAO GERALDO DO ARAGUAIA;Sim
PA;150745;SÃO GERALDO DO ARAGUAIA;;Não
RR;140050;SAO JOAO DA BALIZA;SECRETARIA MUNICIPAL DE SAUDE DE SAO JOAO DA BALIZA/RR;Sim
RR;140050;SÃO JOÃO DA BALIZA;;Não
PA;150746;SAO JOAO DA PONTA;SECRETARIA MUNICIPAL DE SAUDE DE SAO JOAO DA PONTA;Sim
PA;150746;SÃO JOÃO DA PONTA;;Não
PA;150747;SAO JOAO DE PIRABAS;SECRETARIA MUNICIPAL DE SAUDE DE SAO JOAO DE PIRABAS;Sim
PA;150747;SÃO JOÃO DE PIRABAS;;Não
PA;150750;SAO JOAO DO ARAGUAIA;SECRETARIA MUNICIPAL DE SAUDE DE SAO JOAO DO ARAGUAIA;Sim
PA;150750;SÃO JOÃO DO ARAGUAIA;;Não
RR;140060;SAO LUIZ;SECRETARIA MUNICIPAL DE SAUDE DE  SAO LUIZ DO ANAUA/RR;Sim
RR;140060;SÃO LUIZ;;Não
PA;150760;SAO MIGUEL DO GUAMA;SECRETARIA MUNICIPAL DE SAUDE DE SAO MIGUEL DO GUAMA;Sim
PA;150760;SÃO MIGUEL DO GUAMÁ;;Não
RO;110032;SÃO MIGUEL DO GUAPORÉ;;Não
TO;172020;SAO MIGUEL DO TOCANTINS;SECRETARIA MUNICIPAL DE SAUDE DE SAO MIGUEL DO TOCANTINS/TO;Sim
TO;172020;SÃO MIGUEL DO TOCANTINS;;Não
AM;130390;SÃO PAULO DE OLIVENÇA;;Não
TO;172025;SÃO SALVADOR DO TOCANTINS;;Não
PA;150770;SAO SEBASTIAO DA BOA VISTA;SECRETARIA MUNICIPAL DE SAUDE DE SAO SEBASTIAO DA BOA VISTA;Sim
PA;150770;SÃO SEBASTIÃO DA BOA VISTA;;Não
TO;172030;SAO SEBASTIAO DO TOCANTINS;SECRETARIA MUNICIPAL DE SAUDE DE SAO SEBASTIAO DO TOCANTINS/TO;Sim
TO;172030;SÃO SEBASTIÃO DO TOCANTINS;;Não
AM;130395;SAO SEBASTIAO DO UATUMA;SECRETARIA MUNICIPAL DE SAUDE DE SAO SEBASTIAO DO UATUMA/AM;Sim
AM;130395;SÃO SEBASTIÃO DO UATUMÃ;;Não
TO;172049;SAO VALERIO;SECRETARIA MUNICIPAL DE SAUDE DE SAO VALERIO DA NATIVIDADE;Sim
TO;172049;SÃO VALÉRIO;;Não
PA;150775;SAPUCAIA;SECRETARIA MUNICIPAL DE SAUDE DE SAPUCAIA;Sim
PA;150775;SAPUCAIA;;Não
AC;120050;SENA MADUREIRA;SECRETARIA MUNICIPAL DE SAUDE DE SENA MADUREIRA/AC;Sim
AC;120050;SENA MADUREIRA;;Não
AC;120045;SENADOR GUIOMARD;SECRETARIA MUNICIPAL DE SAUDE DE SENADOR GUIOMARD/AC;Sim
AC;120045;SENADOR GUIOMARD;;Não
PA;150780;SENADOR JOSE PORFIRIO;SECRETARIA MUNICIPAL DE SAUDE DE SENADOR JOSE PORFIRIO;Sim
PA;150780;SENADOR JOSÉ PORFÍRIO;;Não
RO;110150;SERINGUEIRAS;SECRETARIA MUNICIPAL DE SAUDE DE SERINGUEIRAS/RO;Sim
RO;110150;SERINGUEIRAS;;Não
AP;160005;SERRA DO NAVIO;;Não
TO;172065;SILVANOPOLIS;SECRETARIA MUNICIPAL DE SAUDE DE SILVANOPOLIS;Sim
TO;172065;SILVANÓPOLIS;;Não
AM;130400;SILVES;SECRETARIA MUNICIPAL DE SAUDE DE SILVES/AM;Sim
AM;130400;SILVES;;Não
TO;172080;SITIO NOVO DO TOCANTINS;SECRETARIA MUNICIPAL DE SAUDE DE SITIO NOVO DO TOCANTINS/TO;Sim
TO;172080;SÍTIO NOVO DO TOCANTINS;;Não
PA;150790;SOURE;SECRETARIA MUNICIPAL DE SAUDE DE SOURE;Sim
PA;150790;SOURE;;Não
TO;172085;SUCUPIRA;SECRETARIA MUNICIPAL DE SAUDE DE SUCUPIRA;Sim
TO;172085;SUCUPIRA;;Não
AM;130406;TABATINGA;;Não
TO;172090;TAGUATINGA;SECRETARIA MUNICIPAL DE SAUDE DE TAGUATINGA;Sim
TO;172090;TAGUATINGA;;Não
PA;150795;TAILANDIA;SECRETARIA MUNICIPAL DE SAUDE DE TAILANDIA;Sim
PA;150795;TAILÂNDIA;;Não
TO;172093;TAIPAS DO TOCANTINS;SECRETARIA MUNICIPAL DE SAUDE DE TAIPAS DO TOCANTINS/TO;Sim
TO;172093;TAIPAS DO TOCANTINS;;Não
TO;172097;TALISMA;SECRETARIA MUNICIPAL DE SAUDE DE TALISMA;Sim
TO;172097;TALISMÃ;;Não
AM;130410;TAPAUA;SECRETARIA MUNICIPAL DE SAUDE DE TAPAUA/AM;Sim
AM;130410;TAPAUÁ;;Não
AC;120060;TARAUACA;SECRETARIA MUNICIPAL DE SAUDE DE TARAUACA/AC;Sim
AC;120060;TARAUACÁ;;Não
AP;160070;TARTARUGALZINHO;SECRETARIA MUNICIPAL DE SAUDE DE TARTARUGALZINHO/AP;Sim
AP;160070;TARTARUGALZINHO;;Não
AM;130420;TEFE;SECRETARIA MUNICIPAL DE SAUDE DE TEFE/AM;Sim
AM;130420;TEFÉ;;Não
RO;110155;TEIXEIROPOLIS;SECRETARIA MUNICIPAL DE SAUDE DE TEIXEIROPOLIS/RO;Sim
RO;110155;TEIXEIRÓPOLIS;;Não
PA;150796;TERRA ALTA;SECRETARIA MUNICIPAL DE SAUDE DE TERRA ALTA;Sim
PA;150796;TERRA ALTA;;Não
PA;150797;TERRA SANTA;SECRETARIA MUNICIPAL DE SAUDE DE TERRA SANTA;Sim
PA;150797;TERRA SANTA;;Não
RO;110160;THEOBROMA;;Não
TO;172110;TOCANTINIA;SECRETARIA MUNICIPAL DE SAUDE DE TOCANTINIA/TO;Sim
TO;172110;TOCANTÍNIA;;Não
TO;172120;TOCANTINOPOLIS;SECRETARIA MUNICIPAL DE SAUDE DE TOCANTINOPOLIS/TO;Sim
TO;172120;TOCANTINÓPOLIS;;Não
PA;150800;TOME-ACU;SECRETARIA MUNICIPAL DE SAUDE DE TOME-ACU;Sim
PA;150800;TOMÉ-AÇU;;Não
AM;130423;TONANTINS;;Não
PA;150803;TRACUATEUA;SECRETARIA MUNICIPAL DE SAUDE DE TRACUATEUA;Sim
PA;150803;TRACUATEUA;;Não
PA;150805;TRAIRAO;SECRETARIA MUNICIPAL DE SAUDE DE TRAIRAO;Sim
PA;150805;TRAIRÃO;;Não
PA;150808;TUCUMA;SECRETARIA MUNICIPAL DE SAUDE DE TUCUMA;Sim
PA;150808;TUCUMÃ;;Não
PA;150810;TUCURUI;SECRETARIA MUNICIPAL DE SAUDE DE TUCURUI;Sim
PA;150810;TUCURUÍ;;Não
TO;172125;TUPIRAMA;;Não
TO;172130;TUPIRATINS;;Não
AM;130426;UARINI;SECRETARIA MUNICIPAL DE SAUDE DE UARINI/AM;Sim
AM;130426;UARINI;;Não
RR;140070;UIRAMUTA;SECRETARIA MUNICIPAL DE SAUDE DE UIRAMUTA/RR;Sim
RR;140070;UIRAMUTÃ;;Não
PA;150812;ULIANOPOLIS;SECRETARIA MUNICIPAL DE SAUDE DE ULIANOPOLIS;Sim
PA;150812;ULIANÓPOLIS;;Não
PA;150815;URUARA;SECRETARIA MUNICIPAL DE SAUDE DE URUARA;Sim
PA;150815;URUARÁ;;Não
AM;130430;URUCARA;SECRETARIA MUNICIPAL DE SAUDE DE URUCARA/AM;Sim
AM;130430;URUCARÁ;;Não
AM;130440;URUCURITUBA;SECRETARIA MUNICIPAL DE SAUDE DE URUCURITUBA/AM;Sim
AM;130440;URUCURITUBA;;Não
RO;110170;URUPÁ;;Não
RO;110175;VALE DO ANARI;;Não
RO;110180;VALE DO PARAISO;SECRETARIA MUNICIPAL DE SAUDE DE VALE DO PARAISO/RO;Sim
RO;110180;VALE DO PARAÍSO;;Não
PA;150820;VIGIA;SECRETARIA MUNICIPAL DE SAUDE DE VIGIA;Sim
PA;150820;VIGIA;;Não
RO;110030;VILHENA;SECRETARIA MUNICIPAL DE SAUDE DE VILHENA/RO;Sim
RO;110030;VILHENA;;Não
PA;150830;VISEU;SECRETARIA MUNICIPAL DE SAUDE DE VISEU/PA;Sim
PA;150830;VISEU;;Não
AP;160080;VITORIA DO JARI;SECRETARIA MUNICIPAL DE SAUDE DE VITORIA DO JARI/AP;Sim
AP;160080;VITÓRIA DO JARI;;Não
PA;150835;VITORIA DO XINGU;SECRETARIA MUNICIPAL DE SAUDE DE VITORIA DO XINGU;Sim
PA;150835;VITÓRIA DO XINGU;;Não
TO;172208;WANDERLÂNDIA;;Não
TO;172210;XAMBIOA;SECRETARIA MUNICIPAL DE SAUDE DE XAMBIOA/TO;Sim
TO;172210;XAMBIOÁ;;Não
AC;120070;XAPURI;SECRETARIA MUNICIPAL DE SAUDE DE XAPURI/AC;Sim
AC;120070;XAPURI;;Não
PA;150840;XINGUARA;SECRETARIA MUNICIPAL DE SAUDE DE XINGUARA;Sim
PA;150840;XINGUARA;;Não
