UF;IBGE;NOME_MUNICIPIO;ENTIDADE;Adesão
GO;520005;ABADIA DE GOIAS;SECRETARIA MUNICIPAL DE SAUDE DE ABADIA DE GOIAS/GO;Sim
GO;520005;ABADIA DE GOIÁS;;Não
GO;520010;ABADIÂNIA;;Não
MT;510010;ACORIZAL;SECRETARIA MUNICIPAL DE SAUDE DE ACORIZAL/MT;Sim
MT;510010;ACORIZAL;;Não
GO;520013;ACREUNA;SECRETARIA MUNICIPAL DE SAUDE DE ACREUNA/GO;Sim
GO;520013;ACREÚNA;;Não
GO;520015;ADELANDIA;SECRETARIA MUNICIPAL DE SAUDE DE ADELANDIA/GO;Sim
GO;520015;ADELÂNDIA;;Não
MT;510020;AGUA BOA;SECRETARIA MUNICIPAL DE SAUDE DE AGUA BOA/MT;Sim
MT;510020;ÁGUA BOA;;Não
MS;500020;AGUA CLARA;SECRETARIA MUNICIPAL DE SAUDE DE AGUA CLARA/MS;Sim
MS;500020;ÁGUA CLARA;SECRETARIA MUNICIPAL DE SAUDE DE VILA RICA/MT;Sim
GO;520017;AGUA FRIA DE GOIAS;SECRETARIA MUNICIPAL DE SAUDE DE AGUA FRIA DE GOIAS/GO;Sim
GO;520017;ÁGUA FRIA DE GOIÁS;;Não
GO;520020;AGUA LIMPA;SECRETARIA MUNICIPAL DE SAUDE DE AGUA LIMPA/GO;Sim
GO;520020;ÁGUA LIMPA;;Não
GO;520025;AGUAS LINDAS DE GOIAS;SECRETARIA MUNICIPAL DE SAUDE DE AGUAS LINDAS DE GOIAS/GO;Sim
GO;520025;ÁGUAS LINDAS DE GOIÁS;;Não
MS;500025;ALCINÓPOLIS;;Não
GO;520030;ALEXANIA;SECRETARIA MUNICIPAL DE SAUDE DE ALEXANIA/GO;Sim
GO;520030;ALEXÂNIA;;Não
GO;520050;ALOANDIA;SECRETARIA MUNICIPAL DE SAUDE DE ALOANDIA/GO;Sim
GO;520050;ALOÂNDIA;;Não
MT;510025;ALTA FLORESTA;SECRETARIA MUNICIPAL DE SAUDE DE ALTA FLORESTA/MT;Sim
MT;510025;ALTA FLORESTA;;Não
MT;510030;ALTO ARAGUAIA;SECRETARIA MUNICIPAL DE SAUDE DE ALTO ARAGUAIA/MT;Sim
MT;510030;ALTO ARAGUAIA;;Não
MT;510035;ALTO BOA VISTA;SECRETARIA MUNICIPAL DE SAUDE DE ALTO DA BOA VISTA/MT;Sim
MT;510035;ALTO BOA VISTA;;Não
MT;510040;ALTO GARCAS;SECRETARIA MUNICIPAL DE SAUDE DE ALTO GARCAS/MT;Sim
MT;510040;ALTO GARÇAS;;Não
GO;520055;ALTO HORIZONTE;;Não
MT;510050;ALTO PARAGUAI;SECRETARIA MUNICIPAL DE SAUDE DE ALTO PARAGUAI/MT;Sim
MT;510050;ALTO PARAGUAI;;Não
GO;520060;ALTO PARAISO DE GOIAS;SECRETARIA MUNICIPAL DE SAUDE DE ALTO PARAISO DE GOIAS/GO;Sim
GO;520060;ALTO PARAÍSO DE GOIÁS;;Não
MT;510060;ALTO TAQUARI;SECRETARIA MUNICIPAL DE SAUDE DE ALTO TAQUARI/MT;Sim
MT;510060;ALTO TAQUARI;;Não
GO;520080;ALVORADA DO NORTE;SECRETARIA MUNICIPAL DE SAUDE DE ALVORADA DO NORTE/GO;Sim
GO;520080;ALVORADA DO NORTE;;Não
MS;500060;AMAMBAI;SECRETARIA MUNICIPAL DE SAUDE DE AMAMBAI/MS;Sim
MS;500060;AMAMBAI;;Não
GO;520082;AMARALINA;;Não
GO;520085;AMERICANO DO BRASIL;SECRETARIA MUNICIPAL DE SAUDE DE AMERICANO DO BRASIL/GO;Sim
GO;520085;AMERICANO DO BRASIL;;Não
GO;520090;AMORINÓPOLIS;;Não
GO;520110;ANAPOLIS;SECRETARIA MUNICIPAL DE SAUDE DE ANAPOLIS/GO;Sim
GO;520110;ANÁPOLIS;;Não
MS;500070;ANASTACIO;SECRETARIA MUNICIPAL DE SAUDE DE ANASTACIO/MS;Sim
MS;500070;ANASTÁCIO;;Não
MS;500080;ANAURILANDIA;SECRETARIA MUNICIPAL DE SAUDE DE ANAURILANDIA/MS;Sim
MS;500080;ANAURILÂNDIA;;Não
MS;500085;ANGELICA;SECRETARIA MUNICIPAL DE SAUDE DE ANGELICA/MS;Sim
MS;500085;ANGÉLICA;;Não
GO;520120;ANHANGUERA;SECRETARIA MUNICIPAL DE SAUDE DE ANHANGUERA/GO;Sim
GO;520120;ANHANGUERA;;Não
GO;520130;ANICUNS;SECRETARIA MUNICIPAL DE SAUDE DE ANICUNS/NVE;Sim
GO;520130;ANICUNS;;Não
MS;500090;ANTÔNIO JOÃO;;Não
GO;520140;APARECIDA DE GOIANIA;SECRETARIA MUNICIPAL DE SAUDE DE APARECIDA DE GOIANIA/GO;Sim
GO;520140;APARECIDA DE GOIÂNIA;;Não
GO;520145;APARECIDA DO RIO DOCE;SECRETARIA MUNICIPAL DE SAUDE DE APARECIDA DO RIO DOCE/GO;Sim
GO;520145;APARECIDA DO RIO DOCE;;Não
MS;500100;APARECIDA DO TABOADO;SECRETARIA MUNICIPAL DE SAUDE DE APARECIDA DO TABOADO/MS;Sim
MS;500100;APARECIDA DO TABOADO;;Não
MT;510080;APIACAS;SECRETARIA MUNICIPAL DE SAUDE DE APIACAS/MT;Sim
MT;510080;APIACÁS;;Não
GO;520150;APORE;SECRETARIA MUNICIPAL DE SAUDE DE APORE/GO;Sim
GO;520150;APORÉ;;Não
MS;500110;AQUIDAUANA;SECRETARIA MUNICIPAL DE SAUDE DE AQUIDAUANA/MS;Sim
MS;500110;AQUIDAUANA;;Não
GO;520160;ARACU;SECRETARIA MUNICIPAL DE SAUDE DE PARAISO DAS AGUAS/MS;Sim
GO;520160;ARAÇU;;Não
GO;520170;ARAGARÇAS;;Não
GO;520180;ARAGOIANIA;SECRETARIA MUNICIPAL DE SAUDE DE ARAGOIANIA/GO;Sim
GO;520180;ARAGOIÂNIA;;Não
MT;510100;ARAGUAIANA;SECRETARIA MUNICIPAL DE SAUDE DE ARAGUAIANA/MT;Sim
MT;510100;ARAGUAIANA;;Não
MT;510120;ARAGUAINHA;SECRETARIA MUNICIPAL DE SAUDE DE ARAGUAINHA/MT;Sim
MT;510120;ARAGUAINHA;;Não
GO;520215;ARAGUAPAZ;SECRETARIA MUNICIPAL DE SAUDE DE ARAGUAPAZ/GO;Sim
GO;520215;ARAGUAPAZ;;Não
MS;500124;ARAL MOREIRA;SECRETARIA MUNICIPAL DE SAUDE DE ARAL MOREIRA/MS;Sim
MS;500124;ARAL MOREIRA;;Não
MT;510125;ARAPUTANGA;SECRETARIA MUNICIPAL DE SAUDE DE ARAPUTANGA/MT;Sim
MT;510125;ARAPUTANGA;;Não
MT;510130;ARENAPOLIS;SECRETARIA MUNICIPAL DE SAUDE DE ARENAPOLIS/MT;Sim
MT;510130;ARENÁPOLIS;;Não
GO;520235;ARENÓPOLIS;;Não
MT;510140;ARIPUANA;SECRETARIA MUNICIPAL DE SAUDE DE ARIPUANA/MT;Sim
MT;510140;ARIPUANÃ;;Não
GO;520250;ARUANA;SECRETARIA MUNICIPAL DE SAUDE DE ARUANA/GO;Sim
GO;520250;ARUANÃ;;Não
GO;520260;AURILANDIA;SECRETARIA MUNICIPAL DE SAUDE DE AURILANDIA/GO;Sim
GO;520260;AURILÂNDIA;;Não
GO;520280;AVELINOPOLIS;SECRETARIA MUNICIPAL DE SAUDE DE AVELINOPOLIS/GO;Sim
GO;520280;AVELINÓPOLIS;;Não
GO;520310;BALIZA;;Não
MS;500150;BANDEIRANTES;SECRETARIA MUNICIPAL DE SAUDE DE BANDEIRANTES/MS;Sim
MS;500150;BANDEIRANTES;;Não
MT;510160;BARAO DE MELGACO;SECRETARIA MUNICIPAL DE SAUDE DE BARAO DE MELGACO/MT;Sim
MT;510160;BARÃO DE MELGAÇO;;Não
MT;510170;BARRA DO BUGRES;SECRETARIA MUNICIPAL DE SAUDE DE BARRA DO BUGRES/MT;Sim
MT;510170;BARRA DO BUGRES;;Não
MT;510180;BARRA DO GARCAS;SECRETARIA MUNICIPAL DE SAUDE DE BARRA DO GARCAS/MT;Sim
MT;510180;BARRA DO GARÇAS;;Não
GO;520320;BARRO ALTO;;Não
MS;500190;BATAGUASSU;SECRETARIA MUNICIPAL DE SAUDE DE BATAGUASSU/MS;Sim
MS;500190;BATAGUASSU;;Não
MS;500200;BATAYPORA;SECRETARIA MUNICIPAL DE SAUDE DE BATAIPORA/MS;Sim
MS;500200;BATAYPORÃ;;Não
MS;500210;BELA VISTA;SECRETARIA MUNICIPAL DE SAUDE DE BELA VISTA/MS;Sim
MS;500210;BELA VISTA;;Não
GO;520330;BELA VISTA DE GOIAS;SECRETARIA MUNICIPAL DE SAUDE DE BELA VISTA DE GOIAS/GO;Sim
GO;520330;BELA VISTA DE GOIÁS;;Não
MS;500215;BODOQUENA;SECRETARIA MUNICIPAL DE SAUDE DE BODOQUENA/MS;Sim
MS;500215;BODOQUENA;;Não
GO;520340;BOM JARDIM DE GOIÁS;;Não
GO;520350;BOM JESUS DE GOIAS;SECRETARIA MUNICIPAL DE SAUDE DE BOM JESUS DE GOIAS/GO;Sim
GO;520350;BOM JESUS DE GOIÁS;;Não
MT;510185;BOM JESUS DO ARAGUAIA;SECRETARIA MUNICIPAL DE SAUDE DE BOM JESUS DO ARAGUAIA/MT;Sim
MT;510185;BOM JESUS DO ARAGUAIA;;Não
GO;520355;BONFINÓPOLIS;;Não
MS;500220;BONITO;SECRETARIA MUNICIPAL DE SAUDE DE BONITO/MS;Sim
MS;500220;BONITO;;Não
GO;520357;BONOPOLIS;SECRETARIA MUNICIPAL DE SAUDE DE BONOPOLIS/GO;Sim
GO;520357;BONÓPOLIS;;Não
MS;500230;BRASILANDIA;SECRETARIA MUNICIPAL DE SAUDE DE BRASILANDIA/MS;Sim
MS;500230;BRASILÂNDIA;;Não
MT;510190;BRASNORTE;SECRETARIA MUNICIPAL DE SAUDE DE BRASNORTE/MT;Sim
MT;510190;BRASNORTE;;Não
GO;520360;BRAZABRANTES;SECRETARIA MUNICIPAL DE SAUDE DE BRAZABRANTES/GO;Sim
GO;520360;BRAZABRANTES;;Não
GO;520380;BRITANIA;SECRETARIA MUNICIPAL DE SAUDE DE BRITANIA/GO;Sim
GO;520380;BRITÂNIA;;Não
GO;520390;BURITI ALEGRE;SECRETARIA MUNICIPAL DE SAUDE DE BURITI ALEGRE/GO;Sim
GO;520390;BURITI ALEGRE;;Não
GO;520393;BURITI DE GOIAS;SECRETARIA MUNICIPAL DE SAUDE DE BURITI DE GOIAS/GO;Sim
GO;520393;BURITI DE GOIÁS;;Não
GO;520396;BURITINÓPOLIS;;Não
MS;500240;CAARAPO;SECRETARIA MUNICIPAL DE SAUDE DE CAARAPO/MS;Sim
MS;500240;CAARAPÓ;;Não
GO;520400;CABECEIRAS;SECRETARIA MUNICIPAL DE SAUDE DE CABECEIRAS/GO;Sim
GO;520400;CABECEIRAS;;Não
MT;510250;CACERES;SECRETARIA MUNICIPAL DE SAUDE DE CACERES/MT;Sim
MT;510250;CÁCERES;;Não
GO;520410;CACHOEIRA ALTA;SECRETARIA MUNICIPAL DE SAUDE DE CACHOEIRA ALTA/GO;Sim
GO;520410;CACHOEIRA ALTA;;Não
GO;520420;CACHOEIRA DE GOIAS;SECRETARIA MUNICIPAL DE SAUDE DE CACHOEIRA DE GOIAS/GO;Sim
GO;520420;CACHOEIRA DE GOIÁS;;Não
GO;520425;CACHOEIRA DOURADA;SECRETARIA MUNICIPAL DE SAUDE DE CACHOEIRA DOURADA/GO;Sim
GO;520425;CACHOEIRA DOURADA;;Não
GO;520430;CACU;SECRETARIA MUNICIPAL DE SAUDE DE CACU/GO;Sim
GO;520430;CAÇU;;Não
GO;520440;CAIAPONIA;SECRETARIA MUNICIPAL DE SAUDE DE CAIAPONIA/GO;Sim
GO;520440;CAIAPÔNIA;;Não
GO;520450;CALDAS NOVAS;SECRETARIA MUNICIPAL DE SAUDE DE CALDAS NOVAS/GO;Sim
GO;520450;CALDAS NOVAS;;Não
GO;520455;CALDAZINHA;SECRETARIA MUNICIPAL DE SAUDE DE CALDAZINHA/GO;Sim
GO;520455;CALDAZINHA;;Não
MS;500260;CAMAPUA;SECRETARIA MUNICIPAL DE SAUDE DE CAMAPUA/MS;Sim
MS;500260;CAMAPUÃ;;Não
GO;520460;CAMPESTRE DE GOIAS;SECRETARIA MUNICIPAL DE SAUDE DE CAMPESTRE DE GOIAS/GO;Sim
GO;520460;CAMPESTRE DE GOIÁS;;Não
GO;520465;CAMPINACU;SECRETARIA MUNICIPAL DE SAUDE DE CAMPINACU/GO;Sim
GO;520465;CAMPINAÇU;;Não
MT;510260;CAMPINAPOLIS;SECRETARIA MUNICIPAL DE SAUDE DE CAMPINAPOLIS/MT;Sim
MT;510260;CAMPINÁPOLIS;;Não
GO;520470;CAMPINORTE;;Não
GO;520480;CAMPO ALEGRE DE GOIAS;SECRETARIA MUNICIPAL DE SAUDE DE CAMPO ALEGRE DE GOIAS/GO;Sim
GO;520480;CAMPO ALEGRE DE GOIÁS;;Não
MS;500270;CAMPO GRANDE;SECRETARIA MUNICIPAL DE SAUDE DE CAMPO GRANDE/MS;Sim
MS;500270;CAMPO GRANDE;;Não
GO;520485;CAMPO LIMPO DE GOIAS;SECRETARIA MUNICIPAL DE SAUDE DE CAMPO LIMPO/GO;Sim
GO;520485;CAMPO LIMPO DE GOIÁS;;Não
MT;510263;CAMPO NOVO DO PARECIS;SECRETARIA MUNICIPAL DE SAUDE DE CAMPO NOVO DO PARECIS/MT;Sim
MT;510263;CAMPO NOVO DO PARECIS;;Não
MT;510267;CAMPO VERDE;SECRETARIA MUNICIPAL DE SAUDE DE CAMPO VERDE/MT;Sim
MT;510267;CAMPO VERDE;;Não
GO;520490;CAMPOS BELOS;SECRETARIA MUNICIPAL DE SAUDE DE CAMPOS BELOS/GO;Sim
GO;520490;CAMPOS BELOS;;Não
MT;510268;CAMPOS DE JULIO;SECRETARIA MUNICIPAL DE SAUDE DE CAMPOS DE JULIO/MT;Sim
MT;510268;CAMPOS DE JÚLIO;;Não
GO;520495;CAMPOS VERDES;SECRETARIA MUNICIPAL DE SAUDE DE CAMPOS VERDES/GO;Sim
GO;520495;CAMPOS VERDES;;Não
MT;510269;CANABRAVA DO NORTE;SECRETARIA MUNICIPAL DE SAUDE DE CANABRAVA DO NORTE/MT;Sim
MT;510269;CANABRAVA DO NORTE;;Não
MT;510270;CANARANA;SECRETARIA MUNICIPAL DE SAUDE DE CANARANA/MT;Sim
MT;510270;CANARANA;;Não
MS;500280;CARACOL;SECRETARIA MUNICIPAL DE SAUDE DE CARACOL/MS;Sim
MS;500280;CARACOL;;Não
MT;510279;CARLINDA;SECRETARIA MUNICIPAL DE SAUDE DE CARLINDA/MT;Sim
MT;510279;CARLINDA;;Não
GO;520500;CARMO DO RIO VERDE;SECRETARIA MUNICIPAL DE SAUDE DE CARMO DO RIO VERDE/GO;Sim
GO;520500;CARMO DO RIO VERDE;;Não
MS;500290;CASSILANDIA;SECRETARIA MUNICIPAL DE SAUDE DE CASSILANDIA/MS;Sim
MS;500290;CASSILÂNDIA;;Não
MT;510285;CASTANHEIRA;SECRETARIA MUNICIPAL DE SAUDE DE CASTANHEIRA/MT;Sim
MT;510285;CASTANHEIRA;;Não
GO;520505;CASTELANDIA;SECRETARIA MUNICIPAL DE SAUDE DE CASTELANDIA/GO;Sim
GO;520505;CASTELÂNDIA;;Não
GO;520510;CATALAO;SECRETARIA MUNICIPAL DE SAUDE DE CATALAO/GO;Sim
GO;520510;CATALÃO;;Não
GO;520520;CATURAI;SECRETARIA MUNICIPAL DE SAUDE DE CATURAI/GO;Sim
GO;520520;CATURAÍ;;Não
GO;520530;CAVALCANTE;SECRETARIA MUNICIPAL DE SAUDE DE CAVALCANTE/GO;Sim
GO;520530;CAVALCANTE;;Não
GO;520540;CERES;SECRETARIA MUNICIPAL DE SAUDE DE CERES/GO;Sim
GO;520540;CERES;;Não
GO;520545;CEZARINA;SECRETARIA MUNICIPAL DE SAUDE DE CEZARINA/GO;Sim
GO;520545;CEZARINA;;Não
MT;510300;CHAPADA DOS GUIMARAES;SECRETARIA MUNICIPAL DE SAUDE DE CHAPADA DOS GUIMARAES/MT;Sim
MT;510300;CHAPADA DOS GUIMARÃES;;Não
GO;520547;CHAPADAO DO CEU;SECRETARIA MUNICIPAL DE SAUDE DE CHAPADA DO CEU/GO;Sim
GO;520547;CHAPADÃO DO CÉU;;Não
MS;500295;CHAPADAO DO SUL;SECRETARIA MUNICIPAL DE SAUDE DE CHAPADAO DO SUL/MS;Sim
MS;500295;CHAPADÃO DO SUL;;Não
GO;520549;CIDADE OCIDENTAL;SECRETARIA MUNICIPAL DE SAUDE DE CIDADE OCIDENTAL/GO;Sim
GO;520549;CIDADE OCIDENTAL;;Não
MT;510305;CLAUDIA;SECRETARIA MUNICIPAL DE SAUDE DE CLAUDIA/MT;Sim
MT;510305;CLÁUDIA;;Não
MT;510310;COCALINHO;SECRETARIA MUNICIPAL DE SAUDE DE COCALINHO/MT;Sim
MT;510310;COCALINHO;;Não
GO;520551;COCALZINHO DE GOIAS;SECRETARIA MUNICIPAL DE SAUDE DE COCALZINHO/GO;Sim
GO;520551;COCALZINHO DE GOIÁS;;Não
MT;510320;COLIDER;SECRETARIA MUNICIPAL DE SAUDE DE COLIDER/MT;Sim
MT;510320;COLÍDER;;Não
GO;520552;COLINAS DO SUL;;Não
MT;510325;COLNIZA;SECRETARIA MUNICIPAL DE SAUDE DE COLNIZA/MT;Sim
MT;510325;COLNIZA;;Não
MT;510330;COMODORO;SECRETARIA MUNICIPAL DE SAUDE DE COMODORO/MT;Sim
MT;510330;COMODORO;;Não
MT;510335;CONFRESA;SECRETARIA MUNICIPAL DE SAUDE DE CONFRESA/MT;Sim
MT;510335;CONFRESA;;Não
MT;510336;CONQUISTA D'OESTE;SECRETARIA MUNICIPAL DE SAUDE DE CONQUISTA DO OESTE/MT;Sim
MT;510336;CONQUISTA D'OESTE;;Não
MS;500310;CORGUINHO;SECRETARIA MUNICIPAL DE SAUDE DE CORGUINHO/MS;Sim
MS;500310;CORGUINHO;;Não
MS;500315;CORONEL SAPUCAIA;SECRETARIA MUNICIPAL DE SAUDE DE CORONEL SAPUCAIA/MS;Sim
MS;500315;CORONEL SAPUCAIA;;Não
GO;520570;CORREGO DO OURO;SECRETARIA MUNICIPAL DE SAUDE DE CORREGO DO OURO/GO;Sim
GO;520570;CÓRREGO DO OURO;;Não
MS;500320;CORUMBÁ;;Não
GO;520580;CORUMBA DE GOIAS;SECRETARIA MUNICIPAL DE SAUDE DE CORUMBA DE GOIAS/GO;Sim
GO;520580;CORUMBÁ DE GOIÁS;;Não
GO;520590;CORUMBAÍBA;;Não
MS;500325;COSTA RICA;SECRETARIA MUNICIPAL DE SAUDE DE COSTA RICA/MS;Sim
MS;500325;COSTA RICA;;Não
MT;510337;COTRIGUACU;SECRETARIA MUNICIPAL DE SAUDE DE COTRIGUACU/MT;Sim
MT;510337;COTRIGUAÇU;;Não
MS;500330;COXIM;;Não
GO;520620;CRISTALINA;SECRETARIA MUNICIPAL DE SAUDE DE CRISTALINA/GO;Sim
GO;520620;CRISTALINA;;Não
GO;520630;CRISTIANÓPOLIS;;Não
GO;520640;CRIXAS;SECRETARIA MUNICIPAL DE SAUDE DE CRIXAS/GO;Sim
GO;520640;CRIXÁS;;Não
GO;520650;CROMINIA;SECRETARIA MUNICIPAL DE SAUDE DE CROMINIA/GO;Sim
GO;520650;CROMÍNIA;;Não
MT;510340;CUIABA;SECRETARIA MUNICIPAL DE SAUDE DE CUIABA/MT;Sim
MT;510340;CUIABÁ;;Não
GO;520660;CUMARI;SECRETARIA MUNICIPAL DE SAUDE DE CUMARI/GO;Sim
GO;520660;CUMARI;;Não
MT;510343;CURVELANDIA;SECRETARIA MUNICIPAL DE SAUDE DE CURVELANDIA/MT;Sim
MT;510343;CURVELÂNDIA;;Não
GO;520670;DAMIANÓPOLIS;;Não
GO;520680;DAMOLANDIA;SECRETARIA MUNICIPAL DE SAUDE DE DAMOLANDIA/GO;Sim
GO;520680;DAMOLÂNDIA;;Não
GO;520690;DAVINÓPOLIS;;Não
MT;510345;DENISE;SECRETARIA MUNICIPAL DE SAUDE DE DENISE/MT;Sim
MT;510345;DENISE;;Não
MS;500345;DEODAPOLIS;SECRETARIA MUNICIPAL DE SAUDE DE DEODAPOLIS/MS;Sim
MS;500345;DEODÁPOLIS;;Não
MT;510350;DIAMANTINO;SECRETARIA MUNICIPAL DE SAUDE DE DIAMANTINO/MT;Sim
MT;510350;DIAMANTINO;;Não
GO;520710;DIORAMA;;Não
GO;520830;DIVINOPOLIS DE GOIAS;SECRETARIA MUNICIPAL DE SAUDE DE DIVINOPOLIS DE GOIAS/GO;Sim
GO;520830;DIVINÓPOLIS DE GOIÁS;;Não
MS;500348;DOIS IRMAOS DO BURITI;SECRETARIA MUNICIPAL DE SAUDE DE DOIS IRMAOS DO BURITI/MS;Sim
MS;500348;DOIS IRMÃOS DO BURITI;;Não
MT;510360;DOM AQUINO;SECRETARIA MUNICIPAL DE SAUDE DE DOM AQUINO/MT;Sim
MT;510360;DOM AQUINO;;Não
MS;500350;DOURADINA;;Não
MS;500370;DOURADOS;SECRETARIA MUNICIPAL DE SAUDE DE DOURADOS/MS;Sim
MS;500370;DOURADOS;;Não
GO;520725;DOVERLANDIA;SECRETARIA MUNICIPAL DE SAUDE DE DOVERLANDIA/GO;Sim
GO;520725;DOVERLÂNDIA;;Não
GO;520735;EDEALINA;SECRETARIA MUNICIPAL DE SAUDE DE VERA/MT;Sim
GO;520735;EDEALINA;;Não
GO;520740;EDEIA;SECRETARIA MUNICIPAL DE SAUDE DE EDEIA/GO;Sim
GO;520740;EDÉIA;;Não
MS;500375;ELDORADO;SECRETARIA MUNICIPAL DE SAUDE DE ELDORADO/MS;Sim
MS;500375;ELDORADO;;Não
GO;520750;ESTRELA DO NORTE;SECRETARIA MUNICIPAL DE SAUDE DE ESTRELA DO NORTE/GO;Sim
GO;520750;ESTRELA DO NORTE;;Não
GO;520753;FAINA;SECRETARIA MUNICIPAL DE SAUDE DE FAINA/GO;Sim
GO;520753;FAINA;;Não
MS;500380;FATIMA DO SUL;SECRETARIA MUNICIPAL DE SAUDE DE FATIMA DO SUL/MS;Sim
MS;500380;FÁTIMA DO SUL;;Não
GO;520760;FAZENDA NOVA;;Não
MT;510370;FELIZ NATAL;SECRETARIA MUNICIPAL DE SAUDE DE FELIZ NATAL/MT;Sim
MT;510370;FELIZ NATAL;;Não
MS;500390;FIGUEIRÃO;;Não
MT;510380;FIGUEIROPOLIS D'OESTE;SECRETARIA MUNICIPAL DE SAUDE DE FIGUEIROPOLIS DOESTE/MT;Sim
MT;510380;FIGUEIRÓPOLIS D'OESTE;;Não
GO;520780;FIRMINOPOLIS;SECRETARIA MUNICIPAL DE SAUDE DE FIRMINOPOLIS/GO;Sim
GO;520780;FIRMINÓPOLIS;;Não
GO;520790;FLORES DE GOIAS;SECRETARIA MUNICIPAL DE SAUDE DE FLORES DE GOIAS/GO;Sim
GO;520790;FLORES DE GOIÁS;;Não
GO;520800;FORMOSA;SECRETARIA MUNICIPAL DE SAUDE DE FORMOSA/GO;Sim
GO;520800;FORMOSA;;Não
GO;520810;FORMOSO;SECRETARIA MUNICIPAL DE SAUDE DE FORMOSO/GO;Sim
GO;520810;FORMOSO;;Não
GO;520815;GAMELEIRA DE GOIAS;SECRETARIA MUNICIPAL DE SAUDE DE TESOURO/MT;Sim
GO;520815;GAMELEIRA DE GOIÁS;;Não
MT;510385;GAUCHA DO NORTE;SECRETARIA MUNICIPAL DE SAUDE DE GAUCHA DO NORTE/MT ;Sim
MT;510385;GAÚCHA DO NORTE;;Não
MT;510390;GENERAL CARNEIRO;SECRETARIA MUNICIPAL DE SAUDE DE GENERAL CARNEIRO/MT;Sim
MT;510390;GENERAL CARNEIRO;;Não
MS;500400;GLORIA DE DOURADOS;SECRETARIA MUNICIPAL DE SAUDE DE GLORIA DE DOURADOS/MS;Sim
MS;500400;GLÓRIA DE DOURADOS;;Não
MT;510395;GLORIA D'OESTE;SECRETARIA MUNICIPAL DE SAUDE DE GLORIA DO OESTE/MT;Sim
MT;510395;GLÓRIA D'OESTE;;Não
GO;520840;GOIANAPOLIS;SECRETARIA MUNICIPAL DE SAUDE DE TAQUARAL DE GOIAS/GO;Sim
GO;520840;GOIANÁPOLIS;;Não
GO;520850;GOIANDIRA;SECRETARIA MUNICIPAL DE SAUDE DE GOIANDIRA/GO;Sim
GO;520850;GOIANDIRA;;Não
GO;520860;GOIANESIA;SECRETARIA MUNICIPAL DE SAUDE DE TANGARA DA SERRA/MT;Sim
GO;520860;GOIANÉSIA;;Não
GO;520870;GOIANIA;SECRETARIA MUNICIPAL DE SAUDE DE GOIANIA/GO;Sim
GO;520870;GOIÂNIA;;Não
GO;520880;GOIANIRA;SECRETARIA MUNICIPAL DE SAUDE DE GOIANIRA/GO;Sim
GO;520880;GOIANIRA;;Não
GO;520890;GOIAS;SECRETARIA MUNICIPAL DE SAUDE DE ITAPIRAPUA/GO;Sim
GO;520890;GOIÁS;;Não
GO;520910;GOIATUBA;SECRETARIA MUNICIPAL DE SAUDE DE GOIATUBA/GO;Sim
GO;520910;GOIATUBA;;Não
GO;520915;GOUVELANDIA;SECRETARIA MUNICIPAL DE SAUDE DE GOUVELANDIA/GO;Sim
GO;520915;GOUVELÂNDIA;;Não
GO;520920;GUAPO;SECRETARIA MUNICIPAL DE SAUDE DE GUAPO/GO;Sim
GO;520920;GUAPÓ;;Não
GO;520929;GUARAITA;SECRETARIA MUNICIPAL DE SAUDE DE GUARAITA/GO;Sim
GO;520929;GUARAÍTA;;Não
GO;520940;GUARANI DE GOIÁS;;Não
MT;510410;GUARANTA DO NORTE;SECRETARIA MUNICIPAL DE SAUDE DE GUARANTA DO NORTE/MT;Sim
MT;510410;GUARANTÃ DO NORTE;;Não
GO;520945;GUARINOS;SECRETARIA MUNICIPAL DE SAUDE DE GUARINOS/GO;Sim
GO;520945;GUARINOS;;Não
MS;500410;GUIA LOPES DA LAGUNA;SECRETARIA MUNICIPAL DE SAUDE DE GUIA LOPES DA LAGUNA/MS;Sim
MS;500410;GUIA LOPES DA LAGUNA;;Não
MT;510420;GUIRATINGA;SECRETARIA MUNICIPAL DE SAUDE DE GUIRATINGA/MT;Sim
MT;510420;GUIRATINGA;;Não
GO;520960;HEITORAI;SECRETARIA MUNICIPAL DE SAUDE DE HEITORAI/GO;Sim
GO;520960;HEITORAÍ;;Não
GO;520970;HIDROLANDIA;SECRETARIA MUNICIPAL DE SAUDE DE HIDROLANDIA/GO;Sim
GO;520970;HIDROLÂNDIA;;Não
GO;520980;HIDROLINA;;Não
GO;520990;IACIARA;;Não
MS;500430;IGUATEMI;SECRETARIA MUNICIPAL DE SAUDE DE IGUATEMI/MS;Sim
MS;500430;IGUATEMI;;Não
GO;520993;INACIOLANDIA;SECRETARIA MUNICIPAL DE SAUDE DE INACIOLANDIA/GO;Sim
GO;520993;INACIOLÂNDIA;;Não
GO;520995;INDIARA;SECRETARIA MUNICIPAL DE SAUDE DE INDIARA/GO;Sim
GO;520995;INDIARA;;Não
MT;510450;INDIAVAI;SECRETARIA MUNICIPAL DE SAUDE DE INDIAVAI/MT;Sim
MT;510450;INDIAVAÍ;;Não
GO;521000;INHUMAS;SECRETARIA MUNICIPAL DE SAUDE DE INHUMAS/GO;Sim
GO;521000;INHUMAS;;Não
MS;500440;INOCÊNCIA;;Não
GO;521010;IPAMERI;SECRETARIA MUNICIPAL DE SAUDE DE IPAMERI/GO;Sim
GO;521010;IPAMERI;;Não
GO;521015;IPIRANGA DE GOIAS;SECRETARIA MUNICIPAL DE SAUDE DE IPIRANGA DE GOIAS/GO;Sim
GO;521015;IPIRANGA DE GOIÁS;;Não
MT;510452;IPIRANGA DO NORTE;SECRETARIA MUNICIPAL DE SAUDE DE IPIRANGA DO NORTE/MT;Sim
MT;510452;IPIRANGA DO NORTE;;Não
GO;521020;IPORÁ;;Não
GO;521030;ISRAELÂNDIA;;Não
GO;521040;ITABERAI;SECRETARIA MUNICIPAL DE SAUDE DE ITABERAI/GO;Sim
GO;521040;ITABERAÍ;;Não
GO;521056;ITAGUARI;SECRETARIA MUNICIPAL DE SAUDE DE ITAGUARI/GO;Sim
GO;521056;ITAGUARI;;Não
GO;521060;ITAGUARU;SECRETARIA MUNICIPAL DE SAUDE DE ITAGUARU/GO;Sim
GO;521060;ITAGUARU;;Não
GO;521080;ITAJA;SECRETARIA MUNICIPAL DE SAUDE DE ITAJA/GO;Sim
GO;521080;ITAJÁ;;Não
MT;510454;ITANHANGA;SECRETARIA MUNICIPAL DE SAUDE DE ITANHANGA/MT;Sim
MT;510454;ITANHANGÁ;;Não
GO;521090;ITAPACI;SECRETARIA MUNICIPAL DE SAUDE DE ITAPACI/GO;Sim
GO;521090;ITAPACI;;Não
GO;521100;ITAPIRAPUA;SECRETARIA MUNICIPAL DE SAUDE DE JARAGUA/GO;Sim
GO;521100;ITAPIRAPUÃ;;Não
MS;500450;ITAPORA;SECRETARIA MUNICIPAL DE SAUDE DE ITAPORA/MS;Sim
MS;500450;ITAPORÃ;;Não
GO;521120;ITAPURANGA;SECRETARIA MUNICIPAL DE SAUDE DE ITAPURANGA/GO;Sim
GO;521120;ITAPURANGA;;Não
MS;500460;ITAQUIRAI;SECRETARIA MUNICIPAL DE SAUDE DE ITAQUIRAI/MS;Sim
MS;500460;ITAQUIRAÍ;;Não
GO;521130;ITARUMA;SECRETARIA MUNICIPAL DE SAUDE DE ITARUMA/GO;Sim
GO;521130;ITARUMÃ;;Não
MT;510455;ITAUBA;SECRETARIA MUNICIPAL DE SAUDE DE ITAUBA/MT;Sim
MT;510455;ITAÚBA;;Não
GO;521140;ITAUÇU;;Não
MT;510460;ITIQUIRA;SECRETARIA MUNICIPAL DE SAUDE DE ITIQUIRA/MT;Sim
MT;510460;ITIQUIRA;;Não
GO;521150;ITUMBIARA;SECRETARIA MUNICIPAL DE SAUDE DE ITUMBIARA/GO;Sim
GO;521150;ITUMBIARA;;Não
MS;500470;IVINHEMA;SECRETARIA MUNICIPAL DE SAUDE DE IVINHEMA/MS;Sim
MS;500470;IVINHEMA;;Não
GO;521160;IVOLÂNDIA;;Não
MT;510480;JACIARA;SECRETARIA MUNICIPAL DE SAUDE DE JACIARA/MT;Sim
MT;510480;JACIARA;;Não
GO;521170;JANDAIA;SECRETARIA MUNICIPAL DE SAUDE DE GOIANESIA/GO;Sim
GO;521170;JANDAIA;;Não
MT;510490;JANGADA;SECRETARIA MUNICIPAL DE SAUDE DE JANGADA/MT;Sim
MT;510490;JANGADA;;Não
MS;500480;JAPORA;SECRETARIA MUNICIPAL DE SAUDE DE JAPORA/MS;Sim
MS;500480;JAPORÃ;;Não
GO;521180;JARAGUA;SECRETARIA MUNICIPAL DE SAUDE DE JANDAIA/GO;Sim
GO;521180;JARAGUÁ;;Não
MS;500490;JARAGUARI;;Não
MS;500500;JARDIM;SECRETARIA MUNICIPAL DE SAUDE DE JARDIM/MS;Sim
MS;500500;JARDIM;;Não
GO;521190;JATAI;SECRETARIA MUNICIPAL DE SAUDE DE JATAI/GO;Sim
GO;521190;JATAÍ;;Não
MS;500510;JATEÍ;;Não
GO;521200;JAUPACI;;Não
MT;510500;JAURU;SECRETARIA MUNICIPAL DE SAUDE DE JAURU/MT;Sim
MT;510500;JAURU;;Não
GO;521205;JESUPOLIS;SECRETARIA MUNICIPAL DE SAUDE DE JESUPOLIS/GO;Sim
GO;521205;JESÚPOLIS;;Não
GO;521210;JOVIANIA;SECRETARIA MUNICIPAL DE SAUDE DE JOVIANIA/GO;Sim
GO;521210;JOVIÂNIA;;Não
MT;510510;JUARA;SECRETARIA MUNICIPAL DE SAUDE DE JUARA/MT;Sim
MT;510510;JUARA;;Não
MT;510515;JUINA;SECRETARIA MUNICIPAL DE SAUDE DE JUINA/MT;Sim
MT;510515;JUÍNA;;Não
MT;510517;JURUENA;SECRETARIA MUNICIPAL DE SAUDE DE JURUENA/MT;Sim
MT;510517;JURUENA;;Não
MT;510520;JUSCIMEIRA;SECRETARIA MUNICIPAL DE SAUDE DE JUSCIMEIRA/MT;Sim
MT;510520;JUSCIMEIRA;;Não
GO;521220;JUSSARA;SECRETARIA MUNICIPAL DE SAUDE DE JUSSARA/GO;Sim
GO;521220;JUSSARA;;Não
MS;500515;JUTI;SECRETARIA MUNICIPAL DE SAUDE DE JUTI/MS;Sim
MS;500515;JUTI;;Não
MS;500520;LADARIO;SECRETARIA MUNICIPAL DE SAUDE DE LADARIO/MS;Sim
MS;500520;LADÁRIO;;Não
GO;521225;LAGOA SANTA;SECRETARIA MUNICIPAL DE SAUDE DE LAGOA SANTA/GO;Sim
GO;521225;LAGOA SANTA;;Não
MS;500525;LAGUNA CARAPA;SECRETARIA MUNICIPAL DE SAUDE DE LAGUNA CARAPA/MS;Sim
MS;500525;LAGUNA CARAPÃ;;Não
MT;510523;LAMBARI D'OESTE;SECRETARIA MUNICIPAL DE SAUDE DE LAMBARI DO OESTE/MT;Sim
MT;510523;LAMBARI D'OESTE;;Não
GO;521230;LEOPOLDO DE BULHÕES;;Não
MT;510525;LUCAS DO RIO VERDE;SECRETARIA MUNICIPAL DE SAUDE DE LUCAS DO RIO VERDE/MT;Sim
MT;510525;LUCAS DO RIO VERDE;;Não
MT;510530;LUCIARA;SECRETARIA MUNICIPAL DE SAUDE DE LUCIARA/MT;Sim
MT;510530;LUCIARA;;Não
GO;521250;LUZIANIA;SECRETARIA MUNICIPAL DE SAUDE DE LUZIANIA/GO;Sim
GO;521250;LUZIÂNIA;;Não
GO;521260;MAIRIPOTABA;;Não
GO;521270;MAMBAÍ;;Não
GO;521280;MARA ROSA;;Não
MS;500540;MARACAJU;SECRETARIA MUNICIPAL DE SAUDE DE MARACAJU/MS;Sim
MS;500540;MARACAJU;;Não
MT;510558;MARCELANDIA;SECRETARIA MUNICIPAL DE SAUDE DE MARCELANDIA/MT;Sim
MT;510558;MARCELÂNDIA;;Não
GO;521290;MARZAGAO;SECRETARIA MUNICIPAL DE SAUDE DE MARZAGAO/GO;Sim
GO;521290;MARZAGÃO;;Não
GO;521295;MATRINCHA;SECRETARIA MUNICIPAL DE SAUDE DE MATRINCHA/GO;Sim
GO;521295;MATRINCHÃ;;Não
MT;510560;MATUPA;SECRETARIA MUNICIPAL DE SAUDE DE MATUPA/MT;Sim
MT;510560;MATUPÁ;;Não
GO;521300;MAURILANDIA;SECRETARIA MUNICIPAL DE SAUDE DE MAURILANDIA/GO;Sim
GO;521300;MAURILÂNDIA;;Não
GO;521305;MIMOSO DE GOIÁS;;Não
GO;521308;MINACU;SECRETARIA MUNICIPAL DE SAUDE DE MINACU/GO;Sim
GO;521308;MINAÇU;;Não
GO;521310;MINEIROS;SECRETARIA MUNICIPAL DE SAUDE DE MINEIROS/GO;Sim
GO;521310;MINEIROS;;Não
MS;500560;MIRANDA;SECRETARIA MUNICIPAL DE SAUDE DE MIRANDA/MS;Sim
MS;500560;MIRANDA;;Não
MT;510562;MIRASSOL D'OESTE;SECRETARIA MUNICIPAL DE SAUDE DE MIRASSOL DO OESTE/MT;Sim
MT;510562;MIRASSOL D'OESTE;;Não
GO;521340;MOIPORÁ;;Não
GO;521350;MONTE ALEGRE DE GOIAS;SECRETARIA MUNICIPAL DE SAUDE DE MONTE ALEGRE DE GOIAS/GO;Sim
GO;521350;MONTE ALEGRE DE GOIÁS;;Não
GO;521370;MONTES CLAROS DE GOIÁS;;Não
GO;521375;MONTIVIDIU;SECRETARIA MUNICIPAL DE SAUDE DE MONTIVIDIU/GO;Sim
GO;521375;MONTIVIDIU;;Não
GO;521377;MONTIVIDIU DO NORTE;;Não
GO;521380;MORRINHOS;SECRETARIA MUNICIPAL DE SAUDE DE MORRINHOS/GO;Sim
GO;521380;MORRINHOS;;Não
GO;521385;MORRO AGUDO DE GOIAS;SECRETARIA MUNICIPAL DE SAUDE DE MORRO AGUDO DE GOIAS/GO;Sim
GO;521385;MORRO AGUDO DE GOIÁS;;Não
GO;521390;MOSSAMEDES;SECRETARIA MUNICIPAL DE SAUDE DE MOSSAMEDES/GO;Sim
GO;521390;MOSSÂMEDES;;Não
GO;521400;MOZARLANDIA;SECRETARIA MUNICIPAL DE SAUDE DE MOZARLANDIA/GO;Sim
GO;521400;MOZARLÂNDIA;;Não
MS;500568;MUNDO NOVO;SECRETARIA MUNICIPAL DE SAUDE DE MUNDO NOVO/MS;Sim
GO;521405;MUNDO NOVO;SECRETARIA MUNICIPAL DE SAUDE DE MUNDO NOVO/GO;Sim
MS;500568;MUNDO NOVO;;Não
GO;521405;MUNDO NOVO;;Não
GO;521410;MUTUNOPOLIS;SECRETARIA MUNICIPAL DE SAUDE DE MUTUNOPOLIS/GO;Sim
GO;521410;MUTUNÓPOLIS;;Não
MS;500570;NAVIRAI;SECRETARIA MUNICIPAL DE SAUDE DE NAVIRAI/MS;Sim
MS;500570;NAVIRAÍ;;Não
GO;521440;NAZARIO;SECRETARIA MUNICIPAL DE SAUDE DE NAZARIO/GO;Sim
GO;521440;NAZÁRIO;;Não
GO;521450;NEROPOLIS;SECRETARIA MUNICIPAL DE SAUDE DE NEROPOLIS/GO;Sim
GO;521450;NERÓPOLIS;;Não
MS;500580;NIOAQUE;SECRETARIA MUNICIPAL DE SAUDE DE NIOAQUE/MS;Sim
MS;500580;NIOAQUE;;Não
GO;521460;NIQUELÂNDIA;;Não
MT;510590;NOBRES;SECRETARIA MUNICIPAL DE SAUDE DE NOBRES/MT;Sim
MT;510590;NOBRES;;Não
MT;510600;NORTELANDIA;SECRETARIA MUNICIPAL DE SAUDE DE NORTELANDIA/MT;Sim
MT;510600;NORTELÂNDIA;;Não
MT;510610;NOSSA SENHORA DO LIVRAMENTO;SECRETARIA MUNICIPAL DE SAUDE DE NOSSA SENHORA DO LIVRAMENTO/MT;Sim
MT;510610;NOSSA SENHORA DO LIVRAMENTO;;Não
MS;500600;NOVA ALVORADA DO SUL;SECRETARIA MUNICIPAL DE SAUDE DE NOVA ALVORADA DO SUL/MS;Sim
MS;500600;NOVA ALVORADA DO SUL;;Não
GO;521470;NOVA AMERICA;SECRETARIA MUNICIPAL DE SAUDE DE NOVA AMERICA/GO;Sim
GO;521470;NOVA AMÉRICA;;Não
MS;500620;NOVA ANDRADINA;SECRETARIA MUNICIPAL DE SAUDE DE NOVA ANDRADINA/MS;Sim
MS;500620;NOVA ANDRADINA;;Não
GO;521480;NOVA AURORA;SECRETARIA MUNICIPAL DE SAUDE DE NOVA AURORA/GO;Sim
GO;521480;NOVA AURORA;;Não
MT;510615;NOVA BANDEIRANTES;SECRETARIA MUNICIPAL DE SAUDE DE NOVA BANDEIRANTES/MT;Sim
MT;510615;NOVA BANDEIRANTES;;Não
MT;510620;NOVA BRASILANDIA;SECRETARIA MUNICIPAL DE SAUDE DE NOVA BRASILANDIA/MT;Sim
MT;510620;NOVA BRASILÂNDIA;;Não
MT;510621;NOVA CANAA DO NORTE;SECRETARIA MUNICIPAL DE SAUDE DE NOVA CANAA DO NORTE/MT;Sim
MT;510621;NOVA CANAÃ DO NORTE;;Não
GO;521483;NOVA CRIXAS;SECRETARIA MUNICIPAL DE SAUDE DE TERRA NOVA DO NORTE/MT;Sim
GO;521483;NOVA CRIXÁS;;Não
GO;521486;NOVA GLORIA;SECRETARIA MUNICIPAL DE SAUDE DE NOVA GLORIA/GO;Sim
GO;521486;NOVA GLÓRIA;;Não
MT;510880;NOVA GUARITA;SECRETARIA MUNICIPAL DE SAUDE DE NOVA GUARITA/MT;Sim
MT;510880;NOVA GUARITA;;Não
GO;521487;NOVA IGUACU DE GOIAS;SECRETARIA MUNICIPAL DE SAUDE DE NOVA IGUACU DE GOIAS/GO;Sim
GO;521487;NOVA IGUAÇU DE GOIÁS;;Não
MT;510618;NOVA LACERDA;SECRETARIA MUNICIPAL DE SAUDE DE NOVA LACERDA/MT;Sim
MT;510618;NOVA LACERDA;;Não
MT;510885;NOVA MARILANDIA;SECRETARIA MUNICIPAL DE SAUDE DE NOVA MARILANDIA/MT;Sim
MT;510885;NOVA MARILÂNDIA;;Não
MT;510890;NOVA MARINGA;SECRETARIA MUNICIPAL DE SAUDE DE NOVA MARINGA/MT;Sim
MT;510890;NOVA MARINGÁ;;Não
MT;510895;NOVA MONTE VERDE;SECRETARIA MUNICIPAL DE SAUDE DE NOVA MONTE VERDE/MT;Sim
MT;510895;NOVA MONTE VERDE;;Não
MT;510622;NOVA MUTUM;SECRETARIA MUNICIPAL DE SAUDE DE NOVA MUTUM/MT;Sim
MT;510622;NOVA MUTUM;;Não
MT;510617;NOVA NAZARE;SECRETARIA MUNICIPAL DE SAUDE DE NOVA NAZARE/MT;Sim
MT;510617;NOVA NAZARÉ;;Não
MT;510623;NOVA OLIMPIA;SECRETARIA MUNICIPAL DE SAUDE DE NOVA OLIMPIA/MT;Sim
MT;510623;NOVA OLÍMPIA;;Não
GO;521490;NOVA ROMA;;Não
MT;510619;NOVA SANTA HELENA;SECRETARIA MUNICIPAL DE SAUDE DE NOVA SANTA HELENA/MT;Sim
MT;510619;NOVA SANTA HELENA;;Não
MT;510624;NOVA UBIRATA;SECRETARIA MUNICIPAL DE SAUDE DE NOVA UBIRATA/MT;Sim
MT;510624;NOVA UBIRATÃ;;Não
GO;521500;NOVA VENEZA;SECRETARIA MUNICIPAL DE SAUDE DE NOVA VENEZA/GO;Sim
GO;521500;NOVA VENEZA;;Não
MT;510625;NOVA XAVANTINA;SECRETARIA MUNICIPAL DE SAUDE DE NOVA XAVANTINA/MT;Sim
MT;510625;NOVA XAVANTINA;;Não
GO;521520;NOVO BRASIL;;Não
GO;521523;NOVO GAMA;SECRETARIA MUNICIPAL DE SAUDE DE NOVO GAMA/GO;Sim
GO;521523;NOVO GAMA;;Não
MT;510627;NOVO HORIZONTE DO NORTE;SECRETARIA MUNICIPAL DE SAUDE DE NOVO HORIZONTE DO NORTE/MT;Sim
MT;510627;NOVO HORIZONTE DO NORTE;;Não
MS;500625;NOVO HORIZONTE DO SUL;SECRETARIA MUNICIPAL DE SAUDE DE NOVO HORIZONTE DO SUL/MS;Sim
MS;500625;NOVO HORIZONTE DO SUL;;Não
MT;510626;NOVO MUNDO;SECRETARIA MUNICIPAL DE SAUDE DE NOVO MUNDO/MT;Sim
MT;510626;NOVO MUNDO;;Não
GO;521525;NOVO PLANALTO;;Não
MT;510631;NOVO SANTO ANTONIO;SECRETARIA MUNICIPAL DE SAUDE DE NOVO SANTO ANTONIO/MT;Sim
MT;510631;NOVO SANTO ANTÔNIO;;Não
MT;510628;NOVO SAO JOAQUIM;SECRETARIA MUNICIPAL DE SAUDE DE NOVO SAO JOAQUIM/MT;Sim
MT;510628;NOVO SÃO JOAQUIM;;Não
GO;521530;ORIZONA;SECRETARIA MUNICIPAL DE SAUDE DE ORIZONA/GO;Sim
GO;521530;ORIZONA;;Não
GO;521540;OURO VERDE DE GOIAS;SECRETARIA MUNICIPAL DE SAUDE DE OURO VERDE/GO;Sim
GO;521540;OURO VERDE DE GOIÁS;;Não
GO;521550;OUVIDOR;SECRETARIA MUNICIPAL DE SAUDE DE OUVIDOR/GO;Sim
GO;521550;OUVIDOR;;Não
GO;521560;PADRE BERNARDO;SECRETARIA MUNICIPAL DE SAUDE DE PADRE BERNARDO/GO;Sim
GO;521560;PADRE BERNARDO;;Não
GO;521565;PALESTINA DE GOIÁS;;Não
GO;521570;PALMEIRAS DE GOIAS;SECRETARIA MUNICIPAL DE SAUDE DE PALMEIRAS DE GOIAS/GO;Sim
GO;521570;PALMEIRAS DE GOIÁS;;Não
GO;521580;PALMELO;SECRETARIA MUNICIPAL DE SAUDE DE PALMELO/GO;Sim
GO;521580;PALMELO;;Não
GO;521590;PALMINOPOLIS;SECRETARIA MUNICIPAL DE SAUDE DE PALMINOPOLIS/GO;Sim
GO;521590;PALMINÓPOLIS;;Não
GO;521600;PANAMA;SECRETARIA MUNICIPAL DE SAUDE DE PANAMA/GO;Sim
GO;521600;PANAMÁ;;Não
MS;500627;PARAÍSO DAS ÁGUAS;;Não
MS;500630;PARANAIBA;SECRETARIA MUNICIPAL DE SAUDE DE PARANAIBA/MS;Sim
MS;500630;PARANAÍBA;;Não
GO;521630;PARANAIGUARA;SECRETARIA MUNICIPAL DE SAUDE DE PARANAIGUARA/GO;Sim
GO;521630;PARANAIGUARA;;Não
MT;510629;PARANAITA;SECRETARIA MUNICIPAL DE SAUDE DE PARANAITA/MT;Sim
MT;510629;PARANAÍTA;;Não
MT;510630;PARANATINGA;SECRETARIA MUNICIPAL DE SAUDE DE PARANATINGA/MT;Sim
MT;510630;PARANATINGA;;Não
MS;500635;PARANHOS;SECRETARIA MUNICIPAL DE SAUDE DE PARANHOS/MS;Sim
MS;500635;PARANHOS;;Não
GO;521640;PARAUNA;SECRETARIA MUNICIPAL DE SAUDE DE PARAUNA/GO;Sim
GO;521640;PARAÚNA;;Não
MT;510637;PEDRA PRETA;SECRETARIA MUNICIPAL DE SAUDE DE PEDRA PRETA/MT;Sim
MT;510637;PEDRA PRETA;;Não
MS;500640;PEDRO GOMES;;Não
MT;510642;PEIXOTO DE AZEVEDO;SECRETARIA MUNICIPAL DE SAUDE DE PEIXOTO DE AZEVEDO/MT;Sim
MT;510642;PEIXOTO DE AZEVEDO;;Não
GO;521645;PEROLANDIA;SECRETARIA MUNICIPAL DE SAUDE DE PEROLANDIA/GO;Sim
GO;521645;PEROLÂNDIA;;Não
GO;521680;PETROLINA DE GOIAS;SECRETARIA MUNICIPAL DE SAUDE DE ARACU/GO;Sim
GO;521680;PETROLINA DE GOIÁS;;Não
GO;521690;PILAR DE GOIAS;SECRETARIA MUNICIPAL DE SAUDE DE PILAR DE GOIAS/GO;Sim
GO;521690;PILAR DE GOIÁS;;Não
GO;521710;PIRACANJUBA;SECRETARIA MUNICIPAL DE SAUDE DE PIRACANJUBA/GO;Sim
GO;521710;PIRACANJUBA;;Não
GO;521720;PIRANHAS;;Não
GO;521730;PIRENOPOLIS;SECRETARIA MUNICIPAL DE SAUDE DE PIRENOPOLIS/GO;Sim
GO;521730;PIRENÓPOLIS;;Não
GO;521740;PIRES DO RIO;SECRETARIA MUNICIPAL DE SAUDE DE PIRES DO RIO/GO;Sim
GO;521740;PIRES DO RIO;;Não
GO;521760;PLANALTINA;SECRETARIA MUNICIPAL DE SAUDE DE PLANALTINA/GO;Sim
GO;521760;PLANALTINA;;Não
MT;510645;PLANALTO DA SERRA;SECRETARIA MUNICIPAL DE SAUDE DE PLANALTO DA SERRA/MT;Sim
MT;510645;PLANALTO DA SERRA;;Não
MT;510650;POCONE;SECRETARIA MUNICIPAL DE SAUDE DE POCONE/MT;Sim
MT;510650;POCONÉ;;Não
MS;500660;PONTA PORA;SECRETARIA MUNICIPAL DE SAUDE DE PONTA PORA/MS;Sim
MS;500660;PONTA PORÃ;;Não
MT;510665;PONTAL DO ARAGUAIA;SECRETARIA MUNICIPAL DE SAUDE DE PONTAL DO ARAGUAIA/MT;Sim
MT;510665;PONTAL DO ARAGUAIA;;Não
GO;521770;PONTALINA;;Não
MT;510670;PONTE BRANCA;SECRETARIA MUNICIPAL DE SAUDE DE PONTE BRANCA/MT;Sim
MT;510670;PONTE BRANCA;;Não
MT;510675;PONTES E LACERDA;SECRETARIA MUNICIPAL DE SAUDE DE PONTES E LACERDA/MT;Sim
MT;510675;PONTES E LACERDA;;Não
GO;521800;PORANGATU;SECRETARIA MUNICIPAL DE SAUDE DE PORANGATU/GO;Sim
GO;521800;PORANGATU;;Não
GO;521805;PORTEIRAO;SECRETARIA MUNICIPAL DE SAUDE DE PORTEIRAO/GO;Sim
GO;521805;PORTEIRÃO;;Não
GO;521810;PORTELANDIA;SECRETARIA MUNICIPAL DE SAUDE DE PORTELANDIA/GO;Sim
GO;521810;PORTELÂNDIA;;Não
MT;510677;PORTO ALEGRE DO NORTE;SECRETARIA MUNICIPAL DE SAUDE DE PORTO ALEGRE DO NORTE/MT;Sim
MT;510677;PORTO ALEGRE DO NORTE;;Não
MT;510680;PORTO DOS GAUCHOS;SECRETARIA MUNICIPAL DE SAUDE DE PORTO DOS GAUCHOS/MT;Sim
MT;510680;PORTO DOS GAÚCHOS;;Não
MT;510682;PORTO ESPERIDIAO;SECRETARIA MUNICIPAL DE SAUDE DE PORTO ESPERIDIAO/MT;Sim
MT;510682;PORTO ESPERIDIÃO;;Não
MT;510685;PORTO ESTRELA;SECRETARIA MUNICIPAL DE SAUDE DE PORTO ESTRELA/MT;Sim
MT;510685;PORTO ESTRELA;;Não
MS;500690;PORTO MURTINHO;;Não
GO;521830;POSSE;SECRETARIA MUNICIPAL DE SAUDE DE SANTO ANTONIO DE GOIAS/GO;Sim
GO;521830;POSSE;;Não
MT;510700;POXOREO;SECRETARIA MUNICIPAL DE SAUDE DE POXOREO/MT;Sim
MT;510700;POXORÉO;;Não
MT;510704;PRIMAVERA DO LESTE;SECRETARIA MUNICIPAL DE SAUDE DE PRIMAVERA DO LESTE/MT;Sim
MT;510704;PRIMAVERA DO LESTE;;Não
GO;521839;PROFESSOR JAMIL;;Não
MT;510706;QUERENCIA;SECRETARIA MUNICIPAL DE SAUDE DE QUERENCIA/MT;Sim
MT;510706;QUERÊNCIA;;Não
GO;521850;QUIRINOPOLIS;SECRETARIA MUNICIPAL DE SAUDE DE QUIRINOPOLIS/GO;Sim
GO;521850;QUIRINÓPOLIS;;Não
MT;510715;RESERVA DO CABACAL;SECRETARIA MUNICIPAL DE SAUDE DE RESERVA DO CABACAL/MT;Sim
MT;510715;RESERVA DO CABAÇAL;;Não
GO;521860;RIALMA;SECRETARIA MUNICIPAL DE SAUDE DE RIALMA/GO;Sim
GO;521860;RIALMA;;Não
GO;521870;RIANAPOLIS;SECRETARIA MUNICIPAL DE SAUDE DE RIANAPOLIS/GO;Sim
GO;521870;RIANÁPOLIS;;Não
MS;500710;RIBAS DO RIO PARDO;SECRETARIA MUNICIPAL DE SAUDE DE RIBAS DO RIO PARDO/MS;Sim
MS;500710;RIBAS DO RIO PARDO;;Não
MT;510718;RIBEIRAO CASCALHEIRA;SECRETARIA MUNICIPAL DE SAUDE DE RIBEIRAO CASCALHEIRA/MT;Sim
MT;510718;RIBEIRÃO CASCALHEIRA;;Não
MT;510719;RIBEIRAOZINHO;SECRETARIA MUNICIPAL DE SAUDE DE RIBEIRAOZINHO/MT;Sim
MT;510719;RIBEIRÃOZINHO;;Não
MT;510720;RIO BRANCO;SECRETARIA MUNICIPAL DE SAUDE DE RIO BRANCO/MT;Sim
MT;510720;RIO BRANCO;;Não
MS;500720;RIO BRILHANTE;SECRETARIA MUNICIPAL DE SAUDE DE RIO BRILHANTE/MS;Sim
MS;500720;RIO BRILHANTE;;Não
MS;500730;RIO NEGRO;;Não
GO;521878;RIO QUENTE;SECRETARIA MUNICIPAL DE SAUDE DE RIO QUENTE/GO;Sim
GO;521878;RIO QUENTE;;Não
GO;521880;RIO VERDE;SECRETARIA MUNICIPAL DE SAUDE DE RIO VERDE/GO;Sim
GO;521880;RIO VERDE;;Não
MS;500740;RIO VERDE DE MATO GROSSO;SECRETARIA MUNICIPAL DE SAUDE DE RIO VERDE DE MATO GROSSO/MS;Sim
MS;500740;RIO VERDE DE MATO GROSSO;;Não
MS;500750;ROCHEDO;;Não
MT;510757;RONDOLANDIA;SECRETARIA MUNICIPAL DE SAUDE DE RONDOLANDIA/MT;Sim
MT;510757;RONDOLÂNDIA;;Não
MT;510760;RONDONOPOLIS;SECRETARIA MUNICIPAL DE SAUDE DE RONDONOPOLIS/MT;Sim
MT;510760;RONDONÓPOLIS;;Não
MT;510770;ROSARIO OESTE;SECRETARIA MUNICIPAL DE SAUDE DE ROSARIO OESTE/MT;Sim
MT;510770;ROSÁRIO OESTE;;Não
GO;521890;RUBIATABA;SECRETARIA MUNICIPAL DE SAUDE DE RUBIATABA/GO;Sim
GO;521890;RUBIATABA;;Não
MT;510775;SALTO DO CEU;SECRETARIA MUNICIPAL DE SAUDE DE SALTO DO CEU/MT;Sim
MT;510775;SALTO DO CÉU;;Não
GO;521900;SANCLERLANDIA;SECRETARIA MUNICIPAL DE SAUDE DE SANCLERLANDIA/GO;Sim
GO;521900;SANCLERLÂNDIA;;Não
GO;521910;SANTA BARBARA DE GOIAS;SECRETARIA MUNICIPAL DE SAUDE DE SANTA BARBARA/GO;Sim
GO;521910;SANTA BÁRBARA DE GOIÁS;;Não
MT;510724;SANTA CARMEM;SECRETARIA MUNICIPAL DE SAUDE DE SANTA CARMEM/MT;Sim
MT;510724;SANTA CARMEM;;Não
GO;521920;SANTA CRUZ DE GOIAS;SECRETARIA MUNICIPAL DE SAUDE DE SANTA CRUZ DE GOIAS/GO;Sim
GO;521920;SANTA CRUZ DE GOIÁS;;Não
MT;510774;SANTA CRUZ DO XINGU;SECRETARIA MUNICIPAL DE SAUDE DE SANTA CRUZ DO XINGU/MT;Sim
MT;510774;SANTA CRUZ DO XINGU;;Não
GO;521925;SANTA FE DE GOIAS;SECRETARIA MUNICIPAL DE SAUDE DE VALE DE SAO DOMINGOS/MT;Sim
GO;521925;SANTA FÉ DE GOIÁS;;Não
GO;521930;SANTA HELENA DE GOIAS;SECRETARIA MUNICIPAL DE SAUDE DE SANTA HELENA/GO;Sim
GO;521930;SANTA HELENA DE GOIÁS;;Não
GO;521935;SANTA ISABEL;SECRETARIA MUNICIPAL DE SAUDE DE SANTA IZABEL/GO;Sim
GO;521935;SANTA ISABEL;;Não
GO;521940;SANTA RITA DO ARAGUAIA;SECRETARIA MUNICIPAL DE SAUDE DE SANTA RITA DO ARAGUAIA/GO;Sim
GO;521940;SANTA RITA DO ARAGUAIA;;Não
GO;521945;SANTA RITA DO NOVO DESTINO;;Não
MS;500755;SANTA RITA DO PARDO;SECRETARIA MUNICIPAL DE SAUDE DE SANTA RITA DO PARDO/MS;Sim
MS;500755;SANTA RITA DO PARDO;;Não
MT;510776;SANTA RITA DO TRIVELATO;SECRETARIA MUNICIPAL DE SAUDE DE SANTA RITA DO TRIVELATO/MT;Sim
MT;510776;SANTA RITA DO TRIVELATO;;Não
GO;521950;SANTA ROSA DE GOIAS;SECRETARIA MUNICIPAL DE SAUDE DE SANTA ROSA/GO;Sim
GO;521950;SANTA ROSA DE GOIÁS;;Não
GO;521960;SANTA TEREZA DE GOIAS;SECRETARIA MUNICIPAL DE SAUDE DE SANTA TEREZA DE GOIAS/GO;Sim
GO;521960;SANTA TEREZA DE GOIÁS;;Não
MT;510777;SANTA TEREZINHA;SECRETARIA MUNICIPAL DE SAUDE DE SANTA TEREZINHA/MT;Sim
MT;510777;SANTA TEREZINHA;;Não
GO;521970;SANTA TEREZINHA DE GOIAS;SECRETARIA MUNICIPAL DE SAUDE DE SANTA TEREZINHA DE GOIAS/GO;Sim
GO;521970;SANTA TEREZINHA DE GOIÁS;;Não
MT;510726;SANTO AFONSO;SECRETARIA MUNICIPAL DE SAUDE DE SANTO AFONSO/MT;Sim
MT;510726;SANTO AFONSO;;Não
GO;521971;SANTO ANTONIO DA BARRA;SECRETARIA MUNICIPAL DE SAUDE DE SANTO ANTONIO DA BARRA/GO;Sim
GO;521971;SANTO ANTÔNIO DA BARRA;;Não
GO;521973;SANTO ANTONIO DE GOIAS;SECRETARIA MUNICIPAL DE SAUDE DE SAO DOMINGOS/GO;Sim
GO;521973;SANTO ANTÔNIO DE GOIÁS;;Não
GO;521975;SANTO ANTONIO DO DESCOBERTO;SECRETARIA MUNICIPAL DE SAUDE DE SANTO ANTONIO DO DESCOBERTO/GO;Sim
GO;521975;SANTO ANTÔNIO DO DESCOBERTO;;Não
MT;510779;SANTO ANTONIO DO LESTE;SECRETARIA MUNICIPAL DE SAUDE DE SANTO ANTONIO DO LESTE/MT;Sim
MT;510779;SANTO ANTÔNIO DO LESTE;;Não
MT;510780;SANTO ANTONIO DO LEVERGER;SECRETARIA MUNICIPAL DE SAUDE DE SANTO ANTONIO DO LEVERGER/MT;Sim
MT;510780;SANTO ANTÔNIO DO LEVERGER;;Não
GO;521980;SAO DOMINGOS;SECRETARIA MUNICIPAL DE SAUDE DE PETROLINA DE GOIAS/GO;Sim
GO;521980;SÃO DOMINGOS;;Não
MT;510785;SAO FELIX DO ARAGUAIA;SECRETARIA MUNICIPAL DE SAUDE DE SAO FELIX DO ARAGUAIA/MT;Sim
MT;510785;SÃO FÉLIX DO ARAGUAIA;;Não
GO;521990;SAO FRANCISCO DE GOIAS;SECRETARIA MUNICIPAL DE SAUDE DE SAO FRANCISCO DE GOIAS/GO;Sim
GO;521990;SÃO FRANCISCO DE GOIÁS;;Não
MS;500769;SAO GABRIEL DO OESTE;SECRETARIA MUNICIPAL DE SAUDE DE SAO GABRIEL D OESTE/MS;Sim
MS;500769;SÃO GABRIEL DO OESTE;;Não
GO;522005;SAO JOAO DA PARAUNA;SECRETARIA MUNICIPAL DE SAUDE DE SAO JOAO DA PARAUNA/GO;Sim
GO;522005;SÃO JOÃO DA PARAÚNA;;Não
GO;522000;SAO JOAO D'ALIANCA;SECRETARIA MUNICIPAL DE SAUDE DE SAO JOAO DALIANCA/GO;Sim
GO;522000;SÃO JOÃO D'ALIANÇA;;Não
MT;510729;SAO JOSE DO POVO;SECRETARIA MUNICIPAL DE SAUDE DE SAO JOSE DO POVO /MT;Sim
MT;510729;SÃO JOSÉ DO POVO;;Não
MT;510730;SAO JOSE DO RIO CLARO;SECRETARIA MUNICIPAL DE SAUDE DE SAO JOSE DO RIO CLARO/MT;Sim
MT;510730;SÃO JOSÉ DO RIO CLARO;;Não
MT;510735;SAO JOSE DO XINGU;SECRETARIA MUNICIPAL DE SAUDE DE SAO JOSE DO XINGU/MT;Sim
MT;510735;SÃO JOSÉ DO XINGU;;Não
MT;510710;SAO JOSE DOS QUATRO MARCOS;SECRETARIA MUNICIPAL DE SAUDE DE SAO JOSE DOS IV MARCOS/MT;Sim
MT;510710;SÃO JOSÉ DOS QUATRO MARCOS;;Não
GO;522010;SAO LUIS DE MONTES BELOS;SECRETARIA MUNICIPAL DE SAUDE DE SAO LUIZ DE MONTES BELOS/GO;Sim
GO;522010;SÃO LUÍS DE MONTES BELOS;;Não
GO;522015;SAO LUIZ DO NORTE;SECRETARIA MUNICIPAL DE SAUDE DE SAO LUIZ DO NORTE/GO;Sim
GO;522015;SÃO LUÍZ DO NORTE;;Não
GO;522020;SAO MIGUEL DO ARAGUAIA;SECRETARIA MUNICIPAL DE SAUDE DE SAO MIGUEL DO ARAGUAIA/GO;Sim
GO;522020;SÃO MIGUEL DO ARAGUAIA;;Não
GO;522026;SAO MIGUEL DO PASSA QUATRO;SECRETARIA MUNICIPAL DE SAUDE DE SAO MIGUEL DO PASSA QUATRO/GO;Sim
GO;522026;SÃO MIGUEL DO PASSA QUATRO;;Não
GO;522028;SAO PATRICIO;SECRETARIA MUNICIPAL DE SAUDE DE SAO PATRICIO/GO;Sim
GO;522028;SÃO PATRÍCIO;;Não
MT;510740;SAO PEDRO DA CIPA;SECRETARIA MUNICIPAL DE SAUDE DE SAO PEDRO DA CIPA/MT;Sim
MT;510740;SÃO PEDRO DA CIPA;;Não
GO;522040;SAO SIMAO;SECRETARIA MUNICIPAL DE SAUDE DE SAO SIMAO/GO;Sim
GO;522040;SÃO SIMÃO;;Não
MT;510787;SAPEZAL;SECRETARIA MUNICIPAL DE SAUDE DE SAPEZAL/MT;Sim
MT;510787;SAPEZAL;;Não
MS;500780;SELVIRIA;SECRETARIA MUNICIPAL DE SAUDE DE SELVIRIA/MS;Sim
MS;500780;SELVÍRIA;;Não
GO;522045;SENADOR CANEDO;SECRETARIA MUNICIPAL DE SAUDE DE SENADOR CANEDO/GO;Sim
GO;522045;SENADOR CANEDO;;Não
MT;510788;SERRA NOVA DOURADA;SECRETARIA MUNICIPAL DE SAUDE DE SERRA NOVA DOURADA/MT;Sim
MT;510788;SERRA NOVA DOURADA;;Não
GO;522050;SERRANOPOLIS;SECRETARIA MUNICIPAL DE SAUDE DE SERRANOPOLIS/GO;Sim
GO;522050;SERRANÓPOLIS;;Não
MS;500770;SETE QUEDAS;;Não
MS;500790;SIDROLANDIA;SECRETARIA MUNICIPAL DE SAUDE DE SIDROLANDIA/MS;Sim
MS;500790;SIDROLÂNDIA;;Não
GO;522060;SILVANIA;SECRETARIA MUNICIPAL DE SAUDE DE SILVANIA/GO;Sim
GO;522060;SILVÂNIA;;Não
GO;522068;SIMOLÂNDIA;;Não
MT;510790;SINOP;SECRETARIA MUNICIPAL DE SAUDE DE SINOP/MT;Sim
MT;510790;SINOP;;Não
GO;522070;SÍTIO D'ABADIA;;Não
MS;500793;SONORA;;Não
MT;510792;SORRISO;SECRETARIA MUNICIPAL DE SAUDE DE SORRISO/MT;Sim
MT;510792;SORRISO;;Não
MT;510794;TABAPORA;SECRETARIA MUNICIPAL DE SAUDE DE POSSE/GO;Sim
MT;510794;TABAPORÃ;;Não
MS;500795;TACURU;;Não
MT;510795;TANGARA DA SERRA;SECRETARIA MUNICIPAL DE SAUDE DE GOIANAPOLIS/GO;Sim
MT;510795;TANGARÁ DA SERRA;;Não
MT;510800;TAPURAH;SECRETARIA MUNICIPAL DE SAUDE DE GOIAS/GO;Sim
MT;510800;TAPURAH;;Não
GO;522100;TAQUARAL DE GOIAS;SECRETARIA MUNICIPAL DE SAUDE DE TABAPORA/MT;Sim
GO;522100;TAQUARAL DE GOIÁS;;Não
MS;500797;TAQUARUSSU;SECRETARIA MUNICIPAL DE SAUDE DE TAQUARUSSU/MS;Sim
MS;500797;TAQUARUSSU;;Não
MS;500800;TERENOS;SECRETARIA MUNICIPAL DE SAUDE DE TERENOS/MS;Sim
MS;500800;TERENOS;;Não
GO;522108;TERESINA DE GOIAS;SECRETARIA MUNICIPAL DE SAUDE DE TERESINA DE GOIAS/GO;Sim
GO;522108;TERESINA DE GOIÁS;;Não
GO;522119;TEREZOPOLIS DE GOIAS;SECRETARIA MUNICIPAL DE SAUDE DE TEREZOPOLIS/GO;Sim
GO;522119;TEREZÓPOLIS DE GOIÁS;;Não
MT;510805;TERRA NOVA DO NORTE;SECRETARIA MUNICIPAL DE SAUDE DE TAPURAH/MT;Sim
MT;510805;TERRA NOVA DO NORTE;;Não
MT;510810;TESOURO;SECRETARIA MUNICIPAL DE SAUDE DE VARJAO/GO;Sim
MT;510810;TESOURO;;Não
MT;510820;TORIXOREU;SECRETARIA MUNICIPAL DE SAUDE DE GAMELEIRA DE GOIAS/GO;Sim
MT;510820;TORIXORÉU;;Não
MS;500830;TRES LAGOAS;SECRETARIA MUNICIPAL DE SAUDE DE TRES LAGOAS/MS;Sim
MS;500830;TRÊS LAGOAS;;Não
GO;522130;TRÊS RANCHOS;;Não
GO;522140;TRINDADE;SECRETARIA MUNICIPAL DE SAUDE DE TRINDADE/GO;Sim
GO;522140;TRINDADE;;Não
GO;522145;TROMBAS;;Não
GO;522150;TURVANIA;SECRETARIA MUNICIPAL DE SAUDE DE TURVANIA/GO;Sim
GO;522150;TURVÂNIA;;Não
GO;522155;TURVELANDIA;SECRETARIA MUNICIPAL DE SAUDE DE TURVELANDIA/GO;Sim
GO;522155;TURVELÂNDIA;;Não
GO;522157;UIRAPURU;SECRETARIA MUNICIPAL DE SAUDE DE UIRAPURU/GO;Sim
GO;522157;UIRAPURU;;Não
MT;510830;UNIAO DO SUL;SECRETARIA MUNICIPAL DE SAUDE DE TORIXOREU/MT;Sim
MT;510830;UNIÃO DO SUL;;Não
GO;522160;URUAÇU;;Não
GO;522170;URUANA;SECRETARIA MUNICIPAL DE SAUDE DE URUANA/GO;Sim
GO;522170;URUANA;;Não
GO;522180;URUTAI;SECRETARIA MUNICIPAL DE SAUDE DE URUTAI/GO;Sim
GO;522180;URUTAÍ;;Não
MT;510835;VALE DE SAO DOMINGOS;SECRETARIA MUNICIPAL DE SAUDE DE UNIAO DO SUL/MT;Sim
MT;510835;VALE DE SÃO DOMINGOS;;Não
GO;522185;VALPARAISO DE GOIAS;SECRETARIA MUNICIPAL DE SAUDE DE VALPARAISO DE GOIAS/GO;Sim
GO;522185;VALPARAÍSO DE GOIÁS;;Não
GO;522190;VARJAO;SECRETARIA MUNICIPAL DE SAUDE DE NOVA CRIXAS/GO;Sim
GO;522190;VARJÃO;;Não
MT;510840;VARZEA GRANDE;SECRETARIA MUNICIPAL DE SAUDE DE SANTA FE DE GOIAS/GO;Sim
MT;510840;VÁRZEA GRANDE;;Não
MT;510850;VERA;SECRETARIA MUNICIPAL DE SAUDE DE VARZEA GRANDE/MT;Sim
MT;510850;VERA;;Não
GO;522200;VIANOPOLIS;SECRETARIA MUNICIPAL DE SAUDE DE VIANOPOLIS/GO;Sim
GO;522200;VIANÓPOLIS;;Não
MS;500840;VICENTINA;SECRETARIA MUNICIPAL DE SAUDE DE VICENTINA/MS;Sim
MS;500840;VICENTINA;;Não
GO;522205;VICENTINÓPOLIS;;Não
MT;510550;VILA BELA DA SANTISSIMA TRINDADE;SECRETARIA MUNICIPAL DE SAUDE DE EDEALINA/GO;Sim
MT;510550;VILA BELA DA SANTÍSSIMA TRINDADE;;Não
GO;522220;VILA BOA;SECRETARIA MUNICIPAL DE SAUDE DE VILA BOA/GO;Sim
GO;522220;VILA BOA;;Não
GO;522230;VILA PROPICIO;SECRETARIA MUNICIPAL DE SAUDE DE VILA PROPICIO/GO;Sim
GO;522230;VILA PROPÍCIO;;Não
MT;510860;VILA RICA;SECRETARIA MUNICIPAL DE SAUDE DE VILA BELA DA SANTISSIMA TRINDADE/MT;Sim
MT;510860;VILA RICA;;Não
