UF;IBGE;Adesão;NOME_MUNICIPIO;ENTIDADE
AL;270010;Sim;AGUA BRANCA;SECRETARIA MUNICIPAL DE SAUDE DE AGUA BRANCA/AL
AL;270020;Não;ANADIA;
AL;270030;Sim;ARAPIRACA;SECRETARIA MUNICIPAL DE SAUDE DE ARAPIRACA/AL
AL;270040;Sim;ATALAIA;SECRETARIA MUNICIPAL DE SAUDE DE ATALAIA/AL
AL;270050;Sim;BARRA DE SANTO ANTONIO;SECRETARIA MUNICIPAL DE SAUDE DE BARRA DE SANTO ANTONIO/AL
AL;270060;Sim;BARRA DE SAO MIGUEL;SECRETARIA MUNICIPAL DE SAUDE DE BARRA DE SAO MIGUEL/AL
AL;270070;Sim;BATALHA;SECRETARIA MUNICIPAL DE SAUDE DE BATALHA/AL
AL;270080;Não;BELÉM;
AL;270090;Sim;BELO MONTE;SECRETARIA MUNICIPAL DE SAUDE DE BELO MONTE/AL
AL;270100;Sim;BOCA DA MATA;SECRETARIA MUNICIPAL DE SAUDE DE BOCA DA MATA/AL
AL;270110;Sim;BRANQUINHA;SECRETARIA MUNICIPAL DE SAUDE DE BRANQUINHA/AL
AL;270120;Sim;CACIMBINHAS;SECRETARIA MUNICIPAL DE SAUDE DE CACIMBINHAS/AL
AL;270130;Sim;CAJUEIRO;SECRETARIA MUNICIPAL DE SAUDE DE CAJUEIRO/AL
AL;270135;Sim;CAMPESTRE;SECRETARIA MUNICIPAL DE SAUDE DE CAMPESTRE/AL
AL;270140;Sim;CAMPO ALEGRE;SECRETARIA MUNICIPAL DE SAUDE DE CAMPO ALEGRE/AL
AL;270150;Não;CAMPO GRANDE;
AL;270160;Sim;CANAPI;SECRETARIA MUNICIPAL DE SAUDE DE CANAPI/AL
AL;270170;Sim;CAPELA;SECRETARIA MUNICIPAL DE SAUDE DE CAPELA/AL
AL;270180;Sim;CARNEIROS;SECRETARIA MUNICIPAL DE SAUDE DE CARNEIROS/AL
AL;270190;Sim;CHA PRETA;SECRETARIA MUNICIPAL DE SAUDE DE CHA PRETA/AL
AL;270200;Sim;COITE DO NOIA;SECRETARIA MUNICIPAL DE SAUDE DE COITE DO NOIA/AL
AL;270210;Sim;COLONIA LEOPOLDINA;SECRETARIA MUNICIPAL DE SAUDE DE COLONIA DE LEOPOLDINA/AL
AL;270220;Não;COQUEIRO SECO;
AL;270230;Sim;CORURIPE;SECRETARIA MUNICIPAL DE SAUDE DE CORURIPE/AL
AL;270235;Não;CRAÍBAS;
AL;270240;Sim;DELMIRO GOUVEIA;SECRETARIA MUNICIPAL DE SAUDE DE DELMIRO GOUVEIA/AL
AL;270250;Sim;DOIS RIACHOS;SECRETARIA MUNICIPAL DE SAUDE DE DOIS RIACHOS/AL
AL;270255;Sim;ESTRELA DE ALAGOAS;SECRETARIA MUNICIPAL DE SAUDE DE ESTRELA DE ALAGOAS/AL
AL;270260;Não;FEIRA GRANDE;
AL;270270;Não;FELIZ DESERTO;
AL;270280;Sim;FLEXEIRAS;SECRETARIA MUNICIPAL DE SAUDE DE FLEXEIRAS/AL
AL;270290;Sim;GIRAU DO PONCIANO;SECRETARIA MUNICIPAL DE SAUDE DE GIRAL DO PONCIANO/AL
AL;270300;Sim;IBATEGUARA;SECRETARIA MUNICIPAL DE SAUDE DE IBATEGUARA/AL
AL;270310;Sim;IGACI;SECRETARIA MUNICIPAL DE SAUDE DE IGACI/AL
AL;270320;Sim;IGREJA NOVA;SECRETARIA MUNICIPAL DE SAUDE DE IGREJA NOVA/AL
AL;270330;Sim;INHAPI;SECRETARIA MUNICIPAL DE SAUDE DE INHAPI/AL
AL;270340;Não;JACARÉ DOS HOMENS;
AL;270350;Sim;JACUIPE;SECRETARIA MUNICIPAL DE SAUDE DE JACUIPE/AL
AL;270360;Sim;JAPARATINGA;SECRETARIA MUNICIPAL DE SAUDE DE JAPARATINGA/AL
AL;270370;Não;JARAMATAIA;
AL;270375;Sim;JEQUIA DA PRAIA;SECRETARIA MUNICIPAL DE SAUDE DE JEQUIA DA PRAIA/AL
AL;270380;Não;JOAQUIM GOMES;
AL;270390;Não;JUNDIÁ;
AL;270400;Sim;JUNQUEIRO;SECRETARIA MUNICIPAL DE SAUDE DE JUNQUEIRO/AL
AL;270410;Não;LAGOA DA CANOA;
AL;270420;Sim;LIMOEIRO DE ANADIA;SECRETARIA MUNICIPAL DE SAUDE DE LIMOEIRO DE ANADIA/AL
AL;270430;Sim;MACEIO;SECRETARIA MUNICIPAL DE SAUDE DE MACEIO/AL
AL;270440;Não;MAJOR ISIDORO;
AL;270450;Sim;MARAGOGI;SECRETARIA MUNICIPAL DE SAUDE DE MARAGOGI/AL
AL;270460;Sim;MARAVILHA;SECRETARIA MUNICIPAL DE SAUDE DE MARAVILHA/AL
AL;270470;Sim;MARECHAL DEODORO;SECRETARIA MUNICIPAL DE SAUDE DE MARECHAL DEODORO/AL
AL;270480;Não;MARIBONDO;
AL;270490;Sim;MAR VERMELHO;SECRETARIA MUNICIPAL DE SAUDE DE MAR VERMELHO/AL
AL;270500;Não;MATA GRANDE;
AL;270510;Sim;MATRIZ DE CAMARAGIBE;SECRETARIA MUNICIPAL DE SAUDE DE MATRIZ DE CAMARAGIBE/AL
AL;270520;Sim;MESSIAS;SECRETARIA MUNICIPAL DE SAUDE DE MESSIAS/AL
AL;270530;Sim;MINADOR DO NEGRAO;SECRETARIA MUNICIPAL DE SAUDE DE MINADOR DO NEGRAO/AL
AL;270540;Sim;MONTEIROPOLIS;SECRETARIA MUNICIPAL DE SAUDE DE MONTEIROPOLIS/AL
AL;270550;Sim;MURICI;SECRETARIA MUNICIPAL DE SAUDE DE MURICI/AL
AL;270560;Sim;NOVO LINO;SECRETARIA MUNICIPAL DE SAUDE DE NOVO LINO/AL
AL;270570;Sim;OLHO D'AGUA DAS FLORES;SECRETARIA MUNICIPAL DE SAUDE DE OLHO D AGUA DAS FLORES/AL
AL;270580;Sim;OLHO D'AGUA DO CASADO;SECRETARIA MUNICIPAL DE SAUDE DE OLHO D AGUA DO CASADO/AL
AL;270590;Não;OLHO D'ÁGUA GRANDE;
AL;270600;Não;OLIVENÇA;
AL;270610;Não;OURO BRANCO;
AL;270620;Sim;PALESTINA;SECRETARIA MUNICIPAL DE SAUDE DE PALESTINA/AL
AL;270630;Sim;PALMEIRA DOS INDIOS;SECRETARIA MUNICIPAL DE SAUDE DE PALMEIRA DOS INDIOS/AL
AL;270640;Sim;PAO DE ACUCAR;SECRETARIA MUNICIPAL DE SAUDE DE PAO DE ACUCAR/AL
AL;270642;Sim;PARICONHA;SECRETARIA MUNICIPAL DE SAUDE DE PARICONHA/AL
AL;270644;Sim;PARIPUEIRA;SECRETARIA MUNICIPAL DE SAUDE DE PARIPUEIRA/AL
AL;270650;Não;PASSO DE CAMARAGIBE;
AL;270660;Não;PAULO JACINTO;
AL;270670;Sim;PENEDO;SECRETARIA MUNICIPAL DE SAUDE DE PENEDO - AL
AL;270680;Sim;PIACABUCU;SECRETARIA MUNICIPAL DE SAUDE DE PIACABUCU/AL
AL;270690;Sim;PILAR;SECRETARIA MUNICIPAL DE SAUDE DE PILAR/AL
AL;270700;Não;PINDOBA;
AL;270710;Sim;PIRANHAS;SECRETARIA MUNICIPAL DE SAUDE DE PIRANHAS/AL
AL;270720;Sim;POCO DAS TRINCHEIRAS;SECRETARIA MUNICIPAL DE SAUDE DE POCO DAS TRINCHEIRAS/AL
AL;270730;Sim;PORTO CALVO;SECRETARIA MUNICIPAL DE SAUDE DE PORTO CALVO/AL
AL;270740;Sim;PORTO DE PEDRAS;SECRETARIA MUNICIPAL DE SAUDE DE PORTO DE PEDRAS/AL
AL;270750;Sim;PORTO REAL DO COLEGIO;SECRETARIA MUNICIPAL DE SAUDE DE PORTO REAL DO COLEGIO/AL
AL;270760;Sim;QUEBRANGULO;SECRETARIA MUNICIPAL DE SAUDE DE QUEBRANGULO/AL
AL;270770;Sim;RIO LARGO;SECRETARIA MUNICIPAL DE SAUDE DE RIO LARGO/AL
AL;270780;Sim;ROTEIRO;SECRETARIA MUNICIPAL DE SAUDE DE ROTEIRO/AL
AL;270790;Sim;SANTA LUZIA DO NORTE;SECRETARIA MUNICIPAL DE SAUDE DE SANTA LUZIA DO NORTE/AL
AL;270800;Sim;SANTANA DO IPANEMA;SECRETARIA MUNICIPAL DE SAUDE DE SANTANA DO IPANEMA/AL
AL;270810;Sim;SANTANA DO MUNDAU;SECRETARIA MUNICIPAL DE SAUDE DE SANTANA DO MUNDAU/AL
AL;270820;Sim;SAO BRAS;SECRETARIA MUNICIPAL DE SAUDE DE SAO BRAS/AL
AL;270830;Sim;SAO JOSE DA LAJE;SECRETARIA MUNICIPAL DE SAUDE DE SAO JOSE DA LAJE/AL
AL;270840;Sim;SAO JOSE DA TAPERA;SECRETARIA MUNICIPAL DE SAUDE DE SAO JOSE DA TAPERA/AL
AL;270850;Sim;SAO LUIS DO QUITUNDE;SECRETARIA MUNICIPAL DE SAUDE DE SAO LUIS DO QUITUNDE/AL
AL;270860;Sim;SAO MIGUEL DOS CAMPOS;SECRETARIA MUNICIPAL DE SAUDE DE SAO MIGUEL DOS CAMPOS/AL
AL;270870;Sim;SAO MIGUEL DOS MILAGRES;SECRETARIA MUNICIPAL DE SAUDE DE SAO MIGUEL DOS MILAGRES/AL
AL;270880;Sim;SAO SEBASTIAO;SECRETARIA MUNICIPAL DE SAUDE DE SAO SEBASTIAO/AL
AL;270890;Sim;SATUBA;SECRETARIA MUNICIPAL DE SAUDE DE SATUBA/AL
AL;270895;Não;SENADOR RUI PALMEIRA;
AL;270900;Não;TANQUE D'ARCA;
AL;270910;Sim;TAQUARANA;SECRETARIA MUNICIPAL DE SAUDE DE TAQUARANA/AL
AL;270915;Não;TEOTÔNIO VILELA;
AL;270920;Não;TRAIPU;
AL;270930;Sim;UNIAO DOS PALMARES;SECRETARIA MUNICIPAL DE SAUDE DE UNIAO DOS PALMARES/AL
AL;270940;Sim;VICOSA;SECRETARIA MUNICIPAL DE SAUDE DE VICOSA/AL
BA;290010;Não;ABAÍRA;
BA;290020;Sim;ABARE;SECRETARIA MUNICIPAL DE SAUDE DE ABARE/BA
BA;290030;Não;ACAJUTIBA;
BA;290035;Não;ADUSTINA;
BA;290040;Não;ÁGUA FRIA;
BA;290050;Não;ÉRICO CARDOSO;
BA;290060;Sim;AIQUARA;SECRETARIA MUNICIPAL DE SAUDE DE AIQUARA/BA
BA;290070;Sim;ALAGOINHAS;SECRETARIA MUNICIPAL DE SAUDE DE ALAGOINHAS/BA
BA;290080;Não;ALCOBAÇA;
BA;290090;Não;ALMADINA;
BA;290100;Sim;AMARGOSA;SECRETARIA MUNICIPAL DE SAUDE DE AMARGOSA/BA
BA;290110;Sim;AMELIA RODRIGUES;SECRETARIA MUNICIPAL DE SAUDE DE AMELIA RODRIGUES/BA
BA;290115;Sim;AMERICA DOURADA;SECRETARIA MUNICIPAL DE SAUDE DE AMERICA DOURADA/BA
BA;290120;Sim;ANAGE;SECRETARIA MUNICIPAL DE SAUDE DE ANAGE/BA
BA;290130;Sim;ANDARAI;SECRETARIA MUNICIPAL DE SAUDE DE ANDARAI/BA
BA;290135;Sim;ANDORINHA;SECRETARIA MUNICIPAL DE SAUDE DE ANDORINHA/BA
BA;290140;Sim;ANGICAL;SECRETARIA MUNICIPAL DE SAUDE DE ANGICAL/BA
BA;290150;Sim;ANGUERA;SECRETARIA MUNICIPAL DE SAUDE DE ANGUERA/BA
BA;290160;Sim;ANTAS;SECRETARIA MUNICIPAL DE SAUDE DE ANTAS/BA
BA;290170;Sim;ANTONIO CARDOSO;SECRETARIA MUNICIPAL DE SAUDE DE ANTONIO CARDOSO/BA
BA;290180;Sim;ANTONIO GONCALVES;SECRETARIA MUNICIPAL DE SAUDE DE ANTONIO GONCALVES/BA
BA;290190;Sim;APORA;SECRETARIA MUNICIPAL DE SAUDE DE APORA/BA
BA;290195;Sim;APUAREMA;SECRETARIA MUNICIPAL DE SAUDE DE APUAREMA/BA
BA;290200;Sim;ARACATU;SECRETARIA MUNICIPAL DE SAUDE DE ARACATU/BA
BA;290205;Sim;ARACAS;SECRETARIA MUNICIPAL DE SAUDE DE ARACAS/BA
BA;290210;Sim;ARACI;SECRETARIA MUNICIPAL DE SAUDE DE ARACI/BA
BA;290220;Sim;ARAMARI;SECRETARIA MUNICIPAL DE SAUDE DE ARAMARI/BA
BA;290225;Sim;ARATACA;SECRETARIA MUNICIPAL DE SAUDE DE ARATACA/BA
BA;290230;Sim;ARATUIPE;SECRETARIA MUNICIPAL DE SAUDE DE ARATUIPE/BA
BA;290240;Sim;AURELINO LEAL;SECRETARIA MUNICIPAL DE SAUDE DE AURELINO LEAL/BA
BA;290250;Não;BAIANÓPOLIS;
BA;290260;Sim;BAIXA GRANDE;SECRETARIA MUNICIPAL DE SAUDE DE BAIXA GRANDE/BA
BA;290265;Não;BANZAÊ;
BA;290270;Sim;BARRA;SECRETARIA MUNICIPAL DE SAUDE DE BARRA/BA
BA;290280;Sim;BARRA DA ESTIVA;SECRETARIA MUNICIPAL DE SAUDE DE BARRA DA ESTIVA/BA
BA;290290;Sim;BARRA DO CHOCA;SECRETARIA MUNICIPAL DE SAUDE DE BARRA DO CHOCA/BA
BA;290300;Sim;BARRA DO MENDES;SECRETARIA MUNICIPAL DE SAUDE DE BARRA DO MENDES/BA
BA;290310;Sim;BARRA DO ROCHA;SECRETARIA MUNICIPAL DE SAUDE DE BARRA DO ROCHA/BA
BA;290320;Sim;BARREIRAS;SECRETARIA MUNICIPAL DE SAUDE DE BARREIRAS/BA
BA;290323;Sim;BARRO ALTO;SECRETARIA MUNICIPAL DE SAUDE DE BARRO ALTO/BA
BA;290327;Não;BARROCAS;
BA;290330;Não;BARRO PRETO;
BA;290340;Sim;BELMONTE;SECRETARIA MUNICIPAL DE SAUDE DE BELMONTE/BA
BA;290350;Sim;BELO CAMPO;SECRETARIA MUNICIPAL DE SAUDE DE BELO CAMPO/BA
BA;290360;Não;BIRITINGA;
BA;290370;Sim;BOA NOVA;SECRETARIA MUNICIPAL DE SAUDE DE BOA NOVA/BA
BA;290380;Sim;BOA VISTA DO TUPIM;SECRETARIA MUNICIPAL DE SAUDE DE BOA VISTA DO TUPIM/BA
BA;290390;Sim;BOM JESUS DA LAPA;SECRETARIA MUNICIPAL DE SAUDE DE BOM JESUS DA LAPA/BA
BA;290395;Sim;BOM JESUS DA SERRA;SECRETARIA MUNICIPAL DE SAUDE DE BOM JESUS DA SERRA/BA
BA;290400;Não;BONINAL;
BA;290405;Sim;BONITO;SECRETARIA MUNICIPAL DE SAUDE DE BONITO/BA
BA;290410;Não;BOQUIRA;
BA;290420;Sim;BOTUPORA;SECRETARIA MUNICIPAL DE SAUDE DE BOTUPORA/BA
BA;290430;Sim;BREJOES;SECRETARIA MUNICIPAL DE SAUDE DE BREJOES/BA
BA;290440;Sim;BREJOLANDIA;SECRETARIA MUNICIPAL DE SAUDE DE BREJOLANDIA/BA
BA;290450;Sim;BROTAS DE MACAUBAS;SECRETARIA MUNICIPAL DE SAUDE DE BROTAS DE MACAUBAS/BA
BA;290460;Sim;BRUMADO;SECRETARIA MUNICIPAL DE SAUDE DE BRUMADO/BA
BA;290470;Sim;BUERAREMA;SECRETARIA MUNICIPAL DE SAUDE DE BUERAREMA/BA
BA;290475;Sim;BURITIRAMA;SECRETARIA MUNICIPAL DE SAUDE DE BURITIRAMA/BA
BA;290480;Sim;CAATIBA;SECRETARIA MUNICIPAL DE SAUDE DE CAATIBA/BA
BA;290485;Sim;CABACEIRAS DO PARAGUACU;SECRETARIA MUNICIPAL DE SAUDE DE CABACEIRAS DO PARAGUACU/BA
BA;290490;Sim;CACHOEIRA;SECRETARIA MUNICIPAL DE SAUDE DE CACHOEIRA/BA
BA;290500;Não;CACULÉ;
BA;290510;Sim;CAEM;SECRETARIA MUNICIPAL DE SAUDE DE CAEM/BA
BA;290515;Não;CAETANOS;
BA;290520;Sim;CAETITE;SECRETARIA MUNICIPAL DE SAUDE DE CAETITE/BA
BA;290530;Sim;CAFARNAUM;SECRETARIA MUNICIPAL DE SAUDE DE CAFARNAUM/BA
BA;290540;Sim;CAIRU;SECRETARIA MUNICIPAL DE SAUDE DE CAIRU/BA
BA;290550;Sim;CALDEIRAO GRANDE;SECRETARIA MUNICIPAL DE SAUDE DE CALDEIRAO GRANDE/BA
BA;290560;Sim;CAMACAN;SECRETARIA MUNICIPAL DE SAUDE DE CAMACAN/BA
BA;290570;Sim;CAMACARI;SECRETARIA MUNICIPAL DE SAUDE DE CAMACARI/BA
BA;290580;Sim;CAMAMU;SECRETARIA MUNICIPAL DE SAUDE DE CAMAMU/BA
BA;290590;Sim;CAMPO ALEGRE DE LOURDES;SECRETARIA MUNICIPAL DE SAUDE DE CAMPO ALEGRE DE LOURDES/BA
BA;290600;Sim;CAMPO FORMOSO;SECRETARIA MUNICIPAL DE SAUDE DE CAMPO FORMOSO/BA
BA;290610;Não;CANÁPOLIS;
BA;290620;Não;CANARANA;
BA;290630;Sim;CANAVIEIRAS;SECRETARIA MUNICIPAL DE SAUDE DE CANAVIEIRAS/BA
BA;290640;Sim;CANDEAL;SECRETARIA MUNICIPAL DE SAUDE DE CANDEAL/BA
BA;290650;Sim;CANDEIAS;SECRETARIA MUNICIPAL DE SAUDE DE CANDEIAS/BA
BA;290660;Não;CANDIBA;
BA;290670;Sim;CANDIDO SALES;SECRETARIA MUNICIPAL DE SAUDE DE CANDIDO SALES/BA
BA;290680;Não;CANSANÇÃO;
BA;290682;Sim;CANUDOS;SECRETARIA MUNICIPAL DE SAUDE DE CANUDOS/BA
BA;290685;Sim;CAPELA DO ALTO ALEGRE;SECRETARIA MUNICIPAL DE SAUDE DE CAPELA DO ALTO ALEGRE/BA
BA;290687;Sim;CAPIM GROSSO;SECRETARIA MUNICIPAL DE SAUDE DE CAPIM GROSSO/BA
BA;290689;Sim;CARAIBAS;SECRETARIA MUNICIPAL DE SAUDE DE CARAIBAS/BA
BA;290690;Sim;CARAVELAS;SECRETARIA MUNICIPAL DE SAUDE DE CARAVELAS/BA
BA;290700;Sim;CARDEAL DA SILVA;SECRETARIA MUNICIPAL DE SAUDE DE CARDEAL DA SILVA/BA
BA;290710;Sim;CARINHANHA;SECRETARIA MUNICIPAL DE SAUDE DE CARINHANHA/BA
BA;290720;Sim;CASA NOVA;SECRETARIA MUNICIPAL DE SAUDE DE CASA NOVA/BA
BA;290730;Sim;CASTRO ALVES;SECRETARIA MUNICIPAL DE SAUDE DE CASTRO ALVES/BA
BA;290740;Não;CATOLÂNDIA;
BA;290750;Sim;CATU;SECRETARIA MUNICIPAL DE SAUDE DE CATU/BA
BA;290755;Não;CATURAMA;
BA;290760;Sim;CENTRAL;SECRETARIA MUNICIPAL DE SAUDE DE CENTRAL/BA
BA;290770;Não;CHORROCHÓ;
BA;290780;Sim;CICERO DANTAS;SECRETARIA MUNICIPAL DE SAUDE DE CICERO DANTAS/BA
BA;290790;Sim;CIPO;SECRETARIA MUNICIPAL DE SAUDE DE CIPO/BA
BA;290800;Sim;COARACI;SECRETARIA MUNICIPAL DE SAUDE DE COARACI/BA
BA;290810;Não;COCOS;
BA;290820;Sim;CONCEICAO DA FEIRA;SECRETARIA MUNICIPAL DE SAUDE DE CONCEICAO DA FEIRA/BA
BA;290830;Sim;CONCEICAO DO ALMEIDA;SECRETARIA MUNICIPAL DE SAUDE DE CONCEICAO DO ALMEIDA/BA
BA;290840;Não;CONCEIÇÃO DO COITÉ;
BA;290850;Sim;CONCEICAO DO JACUIPE;SECRETARIA MUNICIPAL DE SAUDE DE CONCEICAO DO JACUIPE/BA
BA;290860;Não;CONDE;
BA;290870;Sim;CONDEUBA;SECRETARIA MUNICIPAL DE SAUDE DE CONDEUBA/BA
BA;290880;Sim;CONTENDAS DO SINCORA;SECRETARIA MUNICIPAL DE SAUDE DE CONTENDAS DO SINCORA/BA
BA;290890;Sim;CORACAO DE MARIA;SECRETARIA MUNICIPAL DE SAUDE DE CORACAO DE MARIA/BA
BA;290900;Não;CORDEIROS;
BA;290910;Não;CORIBE;
BA;290920;Não;CORONEL JOÃO SÁ;
BA;290930;Não;CORRENTINA;
BA;290940;Não;COTEGIPE;
BA;290950;Não;CRAVOLÂNDIA;
BA;290960;Não;CRISÓPOLIS;
BA;290970;Sim;CRISTOPOLIS;SECRETARIA MUNICIPAL DE SAUDE DE CRISTOPOLIS/BA
BA;290980;Sim;CRUZ DAS ALMAS;SECRETARIA MUNICIPAL DE SAUDE DE CRUZ DAS ALMAS/BA
BA;290990;Sim;CURACA;SECRETARIA MUNICIPAL DE SAUDE DE CURACA/BA
BA;291000;Sim;DARIO MEIRA;SECRETARIA MUNICIPAL DE SAUDE DE DARIO MEIRA/BA
BA;291005;Sim;DIAS D'AVILA;SECRETARIA MUNICIPAL DE SAUDE DE DIAS D AVILA/BA
BA;291010;Sim;DOM BASILIO;SECRETARIA MUNICIPAL DE SAUDE DE DOM BASILIO/BA
BA;291020;Não;DOM MACEDO COSTA;
BA;291030;Sim;ELISIO MEDRADO;SECRETARIA MUNICIPAL DE SAUDE DE ELISIO MEDRADO/BA
BA;291040;Sim;ENCRUZILHADA;SECRETARIA MUNICIPAL DE SAUDE DE ENCRUZILHADA/BA
BA;291050;Sim;ENTRE RIOS;SECRETARIA MUNICIPAL DE SAUDE DE ENTRE RIOS/BA
BA;291060;Sim;ESPLANADA;SECRETARIA MUNICIPAL DE SAUDE DE ESPLANADA/BA
BA;291070;Não;EUCLIDES DA CUNHA;
BA;291072;Sim;EUNAPOLIS;SECRETARIA MUNICIPAL DE SAUDE DE EUNAPOLIS/BA
BA;291075;Sim;FATIMA;SECRETARIA MUNICIPAL DE SAUDE DE FATIMA/BA
BA;291077;Sim;FEIRA DA MATA;SECRETARIA MUNICIPAL DE SAUDE DE FEIRA DA MATA/BA
BA;291080;Sim;FEIRA DE SANTANA;SECRETARIA MUNICIPAL DE SAUDE DE FEIRA DE SANTANA/BA
BA;291085;Sim;FILADELFIA;SECRETARIA MUNICIPAL DE SAUDE DE FILADELFIA/BA
BA;291090;Não;FIRMINO ALVES;
BA;291100;Sim;FLORESTA AZUL;SECRETARIA MUNICIPAL DE SAUDE DE FLORESTA AZUL/BA
BA;291110;Sim;FORMOSA DO RIO PRETO;SECRETARIA MUNICIPAL DE SAUDE DE FORMOSA DO RIO PRETO/BA
BA;291120;Sim;GANDU;SECRETARIA MUNICIPAL DE SAUDE DE GANDU/BA
BA;291125;Sim;GAVIAO;SECRETARIA MUNICIPAL DE SAUDE DE GAVIAO/BA
BA;291130;Não;GENTIO DO OURO;
BA;291140;Não;GLÓRIA;
BA;291150;Não;GONGOGI;
BA;291160;Sim;GOVERNADOR MANGABEIRA;SECRETARIA MUNICIPAL DE SAUDE DE GOVERNADOR MANGABEIRA/BA
BA;291165;Sim;GUAJERU;SECRETARIA MUNICIPAL DE SAUDE DE GUAJERU/BA
BA;291170;Sim;GUANAMBI;SECRETARIA MUNICIPAL DE SAUDE DE GUANAMBI/BA
BA;291180;Sim;GUARATINGA;SECRETARIA MUNICIPAL DE SAUDE DE GUARATINGA/BA
BA;291185;Sim;HELIOPOLIS;SECRETARIA MUNICIPAL DE SAUDE DE HELIOPOLIS/BA
BA;291190;Sim;IACU;SECRETARIA MUNICIPAL DE SAUDE DE IACU/BA
BA;291200;Não;IBIASSUCÊ;
BA;291210;Sim;IBICARAI;SECRETARIA MUNICIPAL DE SAUDE DE IBICARAI/BA
BA;291220;Sim;IBICOARA;SECRETARIA MUNICIPAL DE SAUDE DE IBICOARA/BA
BA;291230;Sim;IBICUI;SECRETARIA MUNICIPAL DE SAUDE DE IBICUI/BA
BA;291240;Sim;IBIPEBA;SECRETARIA MUNICIPAL DE SAUDE DE IBIPEBA/BA
BA;291250;Não;IBIPITANGA;
BA;291260;Sim;IBIQUERA;SECRETARIA MUNICIPAL DE SAUDE DE IBIQUERA/BA
BA;291270;Não;IBIRAPITANGA;
BA;291280;Sim;IBIRAPUA;SECRETARIA MUNICIPAL DE SAUDE DE IBIRAPUA/BA
BA;291290;Sim;IBIRATAIA;SECRETARIA MUNICIPAL DE SAUDE DE IBIRATAIA/BA
BA;291300;Sim;IBITIARA;SECRETARIA MUNICIPAL DE SAUDE DE IBITIARA/BA
BA;291310;Sim;IBITITA;SECRETARIA MUNICIPAL DE SAUDE DE IBITITA/BA
BA;291320;Sim;IBOTIRAMA;SECRETARIA MUNICIPAL DE SAUDE DE IBOTIRAMA/BA
BA;291330;Sim;ICHU;SECRETARIA MUNICIPAL DE SAUDE DE ICHU/BA
BA;291340;Sim;IGAPORA;SECRETARIA MUNICIPAL DE SAUDE DE IGAPORA/BA
BA;291345;Sim;IGRAPIUNA;SECRETARIA MUNICIPAL DE SAUDE DE IGRAPIUNA/BA
BA;291350;Sim;IGUAI;SECRETARIA MUNICIPAL DE SAUDE DE IGUAI/BA
BA;291360;Sim;ILHEUS;SECRETARIA MUNICIPAL DE SAUDE DE ILHEUS/BA
BA;291370;Sim;INHAMBUPE;SECRETARIA MUNICIPAL DE SAUDE DE INHAMBUPE/BA
BA;291380;Sim;IPECAETA;SECRETARIA MUNICIPAL DE SAUDE DE IPECAETA/BA
BA;291390;Sim;IPIAU;SECRETARIA MUNICIPAL DE SAUDE DE IPIAU/BA
BA;291400;Sim;IPIRA;SECRETARIA MUNICIPAL DE SAUDE DE IPIRA/BA
BA;291410;Sim;IPUPIARA;SECRETARIA MUNICIPAL DE SAUDE DE IPUPIARA/BA
BA;291420;Não;IRAJUBA;
BA;291430;Sim;IRAMAIA;SECRETARIA MUNICIPAL DE SAUDE DE IRAMAIA/BA
BA;291440;Não;IRAQUARA;
BA;291450;Sim;IRARA;SECRETARIA MUNICIPAL DE SAUDE DE IRARA/BA
BA;291460;Sim;IRECE;SECRETARIA MUNICIPAL DE SAUDE DE IRECE/BA
BA;291465;Sim;ITABELA;SECRETARIA MUNICIPAL DE SAUDE DE ITABELA/BA
BA;291470;Sim;ITABERABA;SECRETARIA MUNICIPAL DE SAUDE DE ITABERABA/BA
BA;291480;Sim;ITABUNA;SECRETARIA MUNICIPAL DE SAUDE DE ITABUNA/BA
BA;291490;Sim;ITACARE;SECRETARIA MUNICIPAL DE SAUDE DE ITACARE/BA
BA;291500;Sim;ITAETE;SECRETARIA MUNICIPAL DE SAUDE DE ITAETE/BA
BA;291510;Sim;ITAGI;SECRETARIA MUNICIPAL DE SAUDE DE ITAGI/BA
BA;291520;Sim;ITAGIBA;SECRETARIA MUNICIPAL DE SAUDE DE ITAGIBA/BA
BA;291530;Sim;ITAGIMIRIM;SECRETARIA MUNICIPAL DE SAUDE DE ITAGIMIRIM/BA
BA;291535;Sim;ITAGUACU DA BAHIA;SECRETARIA MUNICIPAL DE SAUDE DE ITAGUACU DA BAHIA/BA
BA;291540;Sim;ITAJU DO COLONIA;SECRETARIA MUNICIPAL DE SAUDE DE ITAJU DO COLONIA/BA
BA;291550;Não;ITAJUÍPE;
BA;291560;Sim;ITAMARAJU;SECRETARIA MUNICIPAL DE SAUDE DE ITAMARAJU/BA
BA;291570;Não;ITAMARI;
BA;291580;Sim;ITAMBE;SECRETARIA MUNICIPAL DE SAUDE DE ITAMBE/BA
BA;291590;Sim;ITANAGRA;SECRETARIA MUNICIPAL DE SAUDE DE ITANAGRA/BA
BA;291600;Sim;ITANHEM;SECRETARIA MUNICIPAL DE SAUDE DE ITANHEM/BA
BA;291610;Sim;ITAPARICA;SECRETARIA MUNICIPAL DE SAUDE DE ITAPARICA/BA
BA;291620;Não;ITAPÉ;
BA;291630;Sim;ITAPEBI;SECRETARIA MUNICIPAL DE SAUDE DE ITAPEBI/BA
BA;291640;Sim;ITAPETINGA;SECRETARIA MUNICIPAL DE SAUDE DE ITAPETINGA/BA
BA;291650;Não;ITAPICURU;
BA;291660;Não;ITAPITANGA;
BA;291670;Não;ITAQUARA;
BA;291680;Sim;ITARANTIM;SECRETARIA MUNICIPAL DE SAUDE DE ITARANTIM/BA
BA;291685;Sim;ITATIM;SECRETARIA MUNICIPAL DE SAUDE DE ITATIM/BA
BA;291690;Sim;ITIRUCU;SECRETARIA MUNICIPAL DE SAUDE DE ITIRUCU/BA
BA;291700;Sim;ITIUBA;SECRETARIA MUNICIPAL DE SAUDE DE ITIUBA/BA
BA;291710;Sim;ITORORO;SECRETARIA MUNICIPAL DE SAUDE DE ITORORO/BA
BA;291720;Sim;ITUACU;SECRETARIA MUNICIPAL DE SAUDE DE ITUACU/BA
BA;291730;Sim;ITUBERA;SECRETARIA MUNICIPAL DE SAUDE DE ITUBERA/BA
BA;291733;Sim;IUIU;SECRETARIA MUNICIPAL DE SAUDE DE IUIU/BA
BA;291735;Sim;JABORANDI;SECRETARIA MUNICIPAL DE SAUDE DE JABORANDI/BA
BA;291740;Sim;JACARACI;SECRETARIA MUNICIPAL DE SAUDE DE JACARACI/BA
BA;291750;Sim;JACOBINA;SECRETARIA MUNICIPAL DE SAUDE DE JACOBINA/BA
BA;291760;Sim;JAGUAQUARA;SECRETARIA MUNICIPAL DE SAUDE DE JAGUAQUARA/BA
BA;291770;Sim;JAGUARARI;SECRETARIA MUNICIPAL DE SAUDE DE JAGUARARI/BA
BA;291780;Sim;JAGUARIPE;SECRETARIA MUNICIPAL DE SAUDE DE JAGUARIPE/BA
BA;291790;Sim;JANDAIRA;SECRETARIA MUNICIPAL DE SAUDE DE JANDAIRA/BA
BA;291800;Sim;JEQUIE;SECRETARIA MUNICIPAL DE SAUDE DE JEQUIE/BA
BA;291810;Não;JEREMOABO;
BA;291820;Sim;JIQUIRICA;SECRETARIA MUNICIPAL DE SAUDE DE JEQUIRICA/BA
BA;291830;Sim;JITAUNA;SECRETARIA MUNICIPAL DE SAUDE DE JITAUNA/BA
BA;291835;Sim;JOAO DOURADO;SECRETARIA MUNICIPAL DE SAUDE DE JOAO DOURADO/BA
BA;291840;Sim;JUAZEIRO;SECRETARIA MUNICIPAL DE SAUDE DE JUAZEIRO/BA
BA;291845;Sim;JUCURUCU;SECRETARIA MUNICIPAL DE SAUDE DE JUCURUCU/BA
BA;291850;Sim;JUSSARA;SECRETARIA MUNICIPAL DE SAUDE DE JUSSARA/BA
BA;291855;Não;JUSSARI;
BA;291860;Sim;JUSSIAPE;SECRETARIA MUNICIPAL DE SAUDE DE JUSSIAPE/BA
BA;291870;Sim;LAFAIETE COUTINHO;SECRETARIA MUNICIPAL DE SAUDE DE LAFAIETE COUTINHO/BA
BA;291875;Sim;LAGOA REAL;SECRETARIA MUNICIPAL DE SAUDE DE LAGO REAL/BA
BA;291880;Sim;LAJE;SECRETARIA MUNICIPAL DE SAUDE DE LAJE/BA
BA;291890;Não;LAJEDÃO;
BA;291900;Sim;LAJEDINHO;SECRETARIA MUNICIPAL DE SAUDE DE LAGEDINHO/BA
BA;291905;Sim;LAJEDO DO TABOCAL;SECRETARIA MUNICIPAL DE SAUDE DE LAGEDO DO TABOCAL/BA
BA;291910;Não;LAMARÃO;
BA;291915;Sim;LAPAO;SECRETARIA MUNICIPAL DE SAUDE DE LAPAO/BA
BA;291920;Sim;LAURO DE FREITAS;SECRETARIA MUNICIPAL DE SAUDE DE LAURO DE FREITAS/BA
BA;291930;Não;LENÇÓIS;
BA;291940;Não;LICÍNIO DE ALMEIDA;
BA;291950;Sim;LIVRAMENTO DE NOSSA SENHORA;SECRETARIA MUNICIPAL DE SAUDE DE LIVRAMENTO DO BRUMADO/BA
BA;291955;Não;LUÍS EDUARDO MAGALHÃES;
BA;291960;Sim;MACAJUBA;SECRETARIA MUNICIPAL DE SAUDE DE MACAJUBA/BA
BA;291970;Sim;MACARANI;SECRETARIA MUNICIPAL DE SAUDE DE MACARANI/BA
BA;291980;Não;MACAÚBAS;
BA;291990;Sim;MACURURE;SECRETARIA MUNICIPAL DE SAUDE DE MACURURE/BA
BA;291992;Sim;MADRE DE DEUS;SECRETARIA MUNICIPAL DE SAUDE DE MADRE DE DEUS/BA
BA;291995;Sim;MAETINGA;SECRETARIA MUNICIPAL DE SAUDE DE MAETINGA/BA
BA;292000;Sim;MAIQUINIQUE;SECRETARIA MUNICIPAL DE SAUDE DE MAIQUINIQUE/BA
BA;292010;Sim;MAIRI;SECRETARIA MUNICIPAL DE SAUDE DE MAIRI/BA
BA;292020;Não;MALHADA;
BA;292030;Sim;MALHADA DE PEDRAS;SECRETARIA MUNICIPAL DE SAUDE DE MALHADA DE PEDRAS/BA
BA;292040;Sim;MANOEL VITORINO;SECRETARIA MUNICIPAL DE SAUDE DE MANOEL VITORINO/BA
BA;292045;Não;MANSIDÃO;
BA;292050;Sim;MARACAS;SECRETARIA MUNICIPAL DE SAUDE DE MARACAS/BA
BA;292060;Sim;MARAGOGIPE;SECRETARIA MUNICIPAL DE SAUDE DE MARAGOGIPE/BA
BA;292070;Não;MARAÚ;
BA;292080;Sim;MARCIONILIO SOUZA;SECRETARIA MUNICIPAL DE SAUDE DE MARCIONILIO SOUZA/BA
BA;292090;Sim;MASCOTE;SECRETARIA MUNICIPAL DE SAUDE DE MASCOTE/BA
BA;292100;Sim;MATA DE SAO JOAO;SECRETARIA MUNICIPAL DE SAUDE DE MATA DE SAO JOAO/BA
BA;292105;Sim;MATINA;SECRETARIA MUNICIPAL DE SAUDE DE MATINA/BA
BA;292110;Sim;MEDEIROS NETO;SECRETARIA MUNICIPAL DE SAUDE DE MEDEIROS NETO/BA
BA;292120;Sim;MIGUEL CALMON;SECRETARIA MUNICIPAL DE SAUDE DE MIGUEL CALMON/BA
BA;292130;Sim;MILAGRES;SECRETARIA MUNICIPAL DE SAUDE DE MILAGRES/BA
BA;292140;Sim;MIRANGABA;SECRETARIA MUNICIPAL DE SAUDE DE MIRANGABA/BA
BA;292145;Sim;MIRANTE;SECRETARIA MUNICIPAL DE SAUDE DE MIRANTE/BA
BA;292150;Não;MONTE SANTO;
BA;292160;Sim;MORPARA;SECRETARIA MUNICIPAL DE SAUDE DE MORPARA/BA
BA;292170;Sim;MORRO DO CHAPEU;SECRETARIA MUNICIPAL DE SAUDE DE MORRO DO CHAPEU/BA
BA;292180;Sim;MORTUGABA;SECRETARIA MUNICIPAL DE SAUDE DE MORTUGABA/BA
BA;292190;Não;MUCUGÊ;
BA;292200;Sim;MUCURI;SECRETARIA MUNICIPAL DE SAUDE DE MUCURI/BA
BA;292205;Sim;MULUNGU DO MORRO;SECRETARIA MUNICIPAL DE SAUDE DE MULUNGU DO MORRO/BA
BA;292210;Sim;MUNDO NOVO;SECRETARIA MUNICIPAL DE SAUDE DE MUNDO NOVO/BA
BA;292220;Não;MUNIZ FERREIRA;
BA;292225;Sim;MUQUEM DE SAO FRANCISCO;SECRETARIA MUNICIPAL DE SAUDE DE MUQUEM DE SAO FRANCISCO/BA
BA;292230;Sim;MURITIBA;SECRETARIA MUNICIPAL DE SAUDE DE MURITIBA/BA
BA;292240;Sim;MUTUIPE;SECRETARIA MUNICIPAL DE SAUDE DE MUTUIPE/BA
BA;292250;Sim;NAZARE;SECRETARIA MUNICIPAL DE SAUDE DE NAZARE/BA
BA;292260;Sim;NILO PECANHA;SECRETARIA MUNICIPAL DE SAUDE DE NILO PECANHA/BA
BA;292265;Não;NORDESTINA;
BA;292270;Sim;NOVA CANAA;SECRETARIA MUNICIPAL DE SAUDE DE NOVA CANAA/BA
BA;292273;Não;NOVA FÁTIMA;
BA;292275;Sim;NOVA IBIA;SECRETARIA MUNICIPAL DE SAUDE DE NOVA IBIA/BA
BA;292280;Sim;NOVA ITARANA;SECRETARIA MUNICIPAL DE SAUDE DE NOVA ITARANA/BA
BA;292285;Sim;NOVA REDENCAO;SECRETARIA MUNICIPAL DE SAUDE DE NOVA REDENCAO/BA
BA;292290;Sim;NOVA SOURE;SECRETARIA MUNICIPAL DE SAUDE DE NOVA SOURE/BA
BA;292300;Sim;NOVA VICOSA;SECRETARIA MUNICIPAL DE SAUDE DE NOVA VICOSA/BA
BA;292303;Não;NOVO HORIZONTE;
BA;292305;Sim;NOVO TRIUNFO;SECRETARIA MUNICIPAL DE SAUDE DE NOVO TRIUNFO/BA
BA;292310;Sim;OLINDINA;SECRETARIA MUNICIPAL DE SAUDE DE OLINDINA/BA
BA;292320;Sim;OLIVEIRA DOS BREJINHOS;SECRETARIA MUNICIPAL DE SAUDE DE OLIVEIRA DOS BREJINHOS/BA
BA;292330;Sim;OURICANGAS;SECRETARIA MUNICIPAL DE SAUDE DE OURICANGAS/BA
BA;292335;Sim;OUROLANDIA;SECRETARIA MUNICIPAL DE SAUDE DE OUROLANDIA/BA
BA;292340;Sim;PALMAS DE MONTE ALTO;SECRETARIA MUNICIPAL DE SAUDE DE PALMAS DE MONTE ALTO/BA
BA;292350;Sim;PALMEIRAS;SECRETARIA MUNICIPAL DE SAUDE DE PALMEIRAS/BA
BA;292360;Não;PARAMIRIM;
BA;292370;Sim;PARATINGA;SECRETARIA MUNICIPAL DE SAUDE DE PARATINGA/BA
BA;292380;Não;PARIPIRANGA;
BA;292390;Sim;PAU BRASIL;SECRETARIA MUNICIPAL DE SAUDE DE PAU BRASIL/BA
BA;292400;Não;PAULO AFONSO;
BA;292405;Sim;PE DE SERRA;SECRETARIA MUNICIPAL DE SAUDE DE PE DE SERRA/BA
BA;292410;Sim;PEDRAO;SECRETARIA MUNICIPAL DE SAUDE DE PEDRAO/BA
BA;292420;Não;PEDRO ALEXANDRE;
BA;292430;Não;PIATÃ;
BA;292440;Sim;PILAO ARCADO;SECRETARIA MUNICIPAL DE SAUDE DE PILAO ARCADO/BA
BA;292450;Não;PINDAÍ;
BA;292460;Sim;PINDOBACU;SECRETARIA MUNICIPAL DE SAUDE DE PINDOBACU/BA
BA;292465;Sim;PINTADAS;SECRETARIA MUNICIPAL DE SAUDE DE PINTADAS/BA
BA;292467;Sim;PIRAI DO NORTE;SECRETARIA MUNICIPAL DE SAUDE DE PIRAI DO NORTE/BA
BA;292470;Sim;PIRIPA;SECRETARIA MUNICIPAL DE SAUDE DE PIRIPA/BA
BA;292480;Sim;PIRITIBA;SECRETARIA MUNICIPAL DE SAUDE DE PIRITIBA/BA
BA;292490;Sim;PLANALTINO;SECRETARIA MUNICIPAL DE SAUDE DE PLANALTINO/BA
BA;292500;Não;PLANALTO;
BA;292510;Sim;POCOES;SECRETARIA MUNICIPAL DE SAUDE DE POCOES/BA
BA;292520;Sim;POJUCA;SECRETARIA MUNICIPAL DE SAUDE DE POJUCA/BA
BA;292525;Sim;PONTO NOVO;SECRETARIA MUNICIPAL DE SAUDE DE PONTO NOVO/BA
BA;292530;Sim;PORTO SEGURO;SECRETARIA MUNICIPAL DE SAUDE DE PORTO SEGURO/BA
BA;292540;Sim;POTIRAGUA;SECRETARIA MUNICIPAL DE SAUDE DE POTIRAGUA/BA
BA;292550;Sim;PRADO;SECRETARIA MUNICIPAL DE SAUDE DE PRADO/BA
BA;292560;Sim;PRESIDENTE DUTRA;SECRETARIA MUNICIPAL DE SAUDE DE PRESIDENTE DUTRA/BA
BA;292570;Sim;PRESIDENTE JANIO QUADROS;SECRETARIA MUNICIPAL DE SAUDE DE PRESIDENTE JANIO QUADROS/BA
BA;292575;Sim;PRESIDENTE TANCREDO NEVES;SECRETARIA MUNICIPAL DE SAUDE DE PRESIDENTE TANCREDO NEVES/BA
BA;292580;Não;QUEIMADAS;
BA;292590;Sim;QUIJINGUE;SECRETARIA MUNICIPAL DE SAUDE DE QUIJINGUE/BA
BA;292593;Sim;QUIXABEIRA;SECRETARIA MUNICIPAL DE SAUDE DE QUIXABEIRA/BA
BA;292595;Sim;RAFAEL JAMBEIRO;SECRETARIA MUNICIPAL DE SAUDE DE RAFAEL JAMBEIRO/BA
BA;292600;Sim;REMANSO;SECRETARIA MUNICIPAL DE SAUDE DE REMANSO/BA
BA;292610;Não;RETIROLÂNDIA;
BA;292620;Não;RIACHÃO DAS NEVES;
BA;292630;Sim;RIACHAO DO JACUIPE;SECRETARIA MUNICIPAL DE SAUDE DE RIACHAO DO JACUIPE/BA
BA;292640;Não;RIACHO DE SANTANA;
BA;292650;Sim;RIBEIRA DO AMPARO;SECRETARIA MUNICIPAL DE SAUDE DE RIBEIRA DO AMPARO/BA
BA;292660;Sim;RIBEIRA DO POMBAL;SECRETARIA MUNICIPAL DE SAUDE DE RIBEIRA DO POMBAL/BA
BA;292665;Sim;RIBEIRAO DO LARGO;SECRETARIA MUNICIPAL DE SAUDE DE RIBEIRAO DO LARGO/BA
BA;292670;Sim;RIO DE CONTAS;SECRETARIA MUNICIPAL DE SAUDE DE RIO DE CONTAS/BA
BA;292680;Sim;RIO DO ANTONIO;SECRETARIA MUNICIPAL DE SAUDE DE RIO DO ANTONIO/BA
BA;292690;Não;RIO DO PIRES;
BA;292700;Sim;RIO REAL;SECRETARIA MUNICIPAL DE SAUDE DE RIO REAL/BA
BA;292710;Não;RODELAS;
BA;292720;Sim;RUY BARBOSA;SECRETARIA MUNICIPAL DE SAUDE DE RUY BARBOSA/BA
BA;292730;Sim;SALINAS DA MARGARIDA;SECRETARIA MUNICIPAL DE SAUDE DE SALINAS DA MARGARIDA/BA
BA;292740;Sim;SALVADOR;SECRETARIA MUNICIPAL DE SAUDE DE SALVADOR/BA
BA;292750;Sim;SANTA BARBARA;SECRETARIA MUNICIPAL DE SAUDE DE SANTA BARBARA/BA
BA;292760;Não;SANTA BRÍGIDA;
BA;292770;Sim;SANTA CRUZ CABRALIA;SECRETARIA MUNICIPAL DE SAUDE DE SANTA CRUZ DE CABRALIA/BA
BA;292780;Sim;SANTA CRUZ DA VITORIA;SECRETARIA MUNICIPAL DE SAUDE DE SANTA CRUZ DA VITORIA/BA
BA;292790;Sim;SANTA INES;SECRETARIA MUNICIPAL DE SAUDE DE SANTA INES/BA
BA;292800;Não;SANTALUZ;
BA;292805;Não;SANTA LUZIA;
BA;292810;Sim;SANTA MARIA DA VITORIA;SECRETARIA MUNICIPAL DE SAUDE DE SANTA MARIA DA VITORIA/BA
BA;292820;Não;SANTANA;
BA;292830;Sim;SANTANOPOLIS;SECRETARIA MUNICIPAL DE SAUDE DE SANTANOPOLIS/BA
BA;292840;Sim;SANTA RITA DE CASSIA;SECRETARIA MUNICIPAL DE SAUDE DE SANTA RITA DE CASSIA/BA
BA;292850;Não;SANTA TERESINHA;
BA;292860;Sim;SANTO AMARO;SECRETARIA MUNICIPAL DE SAUDE DE SANTO AMARO/BA
BA;292870;Sim;SANTO ANTONIO DE JESUS;SECRETARIA MUNICIPAL DE SAUDE DE SANTO ANTONIO DE JESUS/BA
BA;292880;Sim;SANTO ESTEVAO;SECRETARIA MUNICIPAL DE SAUDE DE SANTO ESTEVAO/BA
BA;292890;Sim;SAO DESIDERIO;SECRETARIA MUNICIPAL DE SAUDE DE SAO DESIDERIO/BA
BA;292895;Não;SÃO DOMINGOS;
BA;292900;Sim;SAO FELIX;SECRETARIA MUNICIPAL DE SAUDE DE SAO FELIX/BA
BA;292905;Não;SÃO FÉLIX DO CORIBE;
BA;292910;Sim;SAO FELIPE;SECRETARIA MUNICIPAL DE SAUDE DE SAO FELIPE/BA
BA;292920;Sim;SAO FRANCISCO DO CONDE;SECRETARIA MUNICIPAL DE SAUDE DE SAO FRANCISCO DO CONDE/BA
BA;292925;Sim;SAO GABRIEL;SECRETARIA MUNICIPAL DE SAUDE DE SAO GABRIEL/BA
BA;292930;Sim;SAO GONCALO DOS CAMPOS;SECRETARIA MUNICIPAL DE SAUDE DE SAO GONCALO DOS CAMPOS/BA
BA;292935;Não;SÃO JOSÉ DA VITÓRIA;
BA;292937;Sim;SAO JOSE DO JACUIPE;SECRETARIA MUNICIPAL DE SAUDE DE SAO JOSE DO JACUIPE/BA
BA;292940;Sim;SAO MIGUEL DAS MATAS;SECRETARIA MUNICIPAL DE SAUDE DE SAO MIGUEL DAS MATAS/BA
BA;292950;Sim;SAO SEBASTIAO DO PASSE;SECRETARIA MUNICIPAL DE SAUDE DE SAO SEBASTIAO DO PASSE/BA
BA;292960;Sim;SAPEACU;SECRETARIA MUNICIPAL DE SAUDE DE SAPEACU/BA
BA;292970;Sim;SATIRO DIAS;SECRETARIA MUNICIPAL DE SAUDE DE SATIRO DIAS/BA
BA;292975;Sim;SAUBARA;SECRETARIA MUNICIPAL DE SAUDE DE SAUBARA/BA
BA;292980;Sim;SAUDE;SECRETARIA MUNICIPAL DE SAUDE DE SAUDE/BA
BA;292990;Sim;SEABRA;SECRETARIA MUNICIPAL DE SAUDE DE SEABRA/BA
BA;293000;Sim;SEBASTIAO LARANJEIRAS;SECRETARIA MUNICIPAL DE SAUDE DE SEBASTIAO LARANJEIRAS/BA
BA;293010;Sim;SENHOR DO BONFIM;SECRETARIA MUNICIPAL DE SAUDE DE SENHOR DO BONFIM/BA
BA;293015;Sim;SERRA DO RAMALHO;SECRETARIA MUNICIPAL DE SAUDE DE SERRA DO RAMALHO/BA
BA;293020;Sim;SENTO SE;SECRETARIA MUNICIPAL DE SAUDE DE SENTO SE/BA
BA;293030;Sim;SERRA DOURADA;SECRETARIA MUNICIPAL DE SAUDE DE SERRA DOURADA/BA
BA;293040;Sim;SERRA PRETA;SECRETARIA MUNICIPAL DE SAUDE DE SERRA PRETA/BA
BA;293050;Não;SERRINHA;
BA;293060;Sim;SERROLANDIA;SECRETARIA MUNICIPAL DE SAUDE DE SERROLANDIA/BA
BA;293070;Sim;SIMOES FILHO;SECRETARIA MUNICIPAL DE SAUDE DE SIMOES FILHO/BA
BA;293075;Sim;SITIO DO MATO;SECRETARIA MUNICIPAL DE SAUDE DE SITIO DO MATO/BA
BA;293076;Não;SÍTIO DO QUINTO;
BA;293077;Sim;SOBRADINHO;SECRETARIA MUNICIPAL DE SAUDE DE SOBRADINHO/BA
BA;293080;Sim;SOUTO SOARES;SECRETARIA MUNICIPAL DE SAUDE DE SOUTO SOARES/BA
BA;293090;Não;TABOCAS DO BREJO VELHO;
BA;293100;Sim;TANHACU;SECRETARIA MUNICIPAL DE SAUDE DE TANHACU/BA
BA;293105;Sim;TANQUE NOVO;SECRETARIA MUNICIPAL DE SAUDE DE TANQUE NOVO/BA
BA;293110;Sim;TANQUINHO;SECRETARIA MUNICIPAL DE SAUDE DE TANQUINHO/BA
BA;293120;Sim;TAPEROA;SECRETARIA MUNICIPAL DE SAUDE DE TAPEROA/BA
BA;293130;Sim;TAPIRAMUTA;SECRETARIA MUNICIPAL DE SAUDE DE TAPIRAMUTA/BA
BA;293135;Sim;TEIXEIRA DE FREITAS;SECRETARIA MUNICIPAL DE SAUDE DE TEIXEIRA DE FREITAS/BA
BA;293140;Sim;TEODORO SAMPAIO;SECRETARIA MUNICIPAL DE SAUDE DE TEODORO SAMPAIO/BA
BA;293150;Sim;TEOFILANDIA;SECRETARIA MUNICIPAL DE SAUDE DE TEOFILANDIA/BA
BA;293160;Sim;TEOLANDIA;SECRETARIA MUNICIPAL DE SAUDE DE TEOLANDIA/BA
BA;293170;Sim;TERRA NOVA;SECRETARIA MUNICIPAL DE SAUDE DE TERRA NOVA/BA
BA;293180;Sim;TREMEDAL;SECRETARIA MUNICIPAL DE SAUDE DE TREMEDAL/BA
BA;293190;Sim;TUCANO;SECRETARIA MUNICIPAL DE SAUDE DE TUCANO/BA
BA;293200;Sim;UAUA;SECRETARIA MUNICIPAL DE SAUDE DE UAUA/BA
BA;293210;Sim;UBAIRA;SECRETARIA MUNICIPAL DE SAUDE DE UBAIRA/BA
BA;293220;Sim;UBAITABA;SECRETARIA MUNICIPAL DE SAUDE DE UBAITABA/BA
BA;293230;Sim;UBATA;SECRETARIA MUNICIPAL DE SAUDE DE UBATA/BA
BA;293240;Sim;UIBAI;SECRETARIA MUNICIPAL DE SAUDE DE UIBAI/BA
BA;293245;Sim;UMBURANAS;SECRETARIA MUNICIPAL DE SAUDE DE UMBURANAS/BA
BA;293250;Sim;UNA;SECRETARIA MUNICIPAL DE SAUDE DE UNA/BA
BA;293260;Sim;URANDI;SECRETARIA MUNICIPAL DE SAUDE DE URANDI/BA
BA;293270;Sim;URUCUCA;SECRETARIA MUNICIPAL DE SAUDE DE URUCUCA/BA
BA;293280;Sim;UTINGA;SECRETARIA MUNICIPAL DE SAUDE DE UTINGA/BA
BA;293290;Sim;VALENCA;SECRETARIA MUNICIPAL DE SAUDE DE VALENCA/BA
BA;293300;Não;VALENTE;
BA;293305;Sim;VARZEA DA ROCA;SECRETARIA MUNICIPAL DE SAUDE DE VARZEA DA ROCA/BA
BA;293310;Sim;VARZEA DO POCO;SECRETARIA MUNICIPAL DE SAUDE DE VARZEA DO POCO/BA
BA;293315;Sim;VARZEA NOVA;SECRETARIA MUNICIPAL DE SAUDE DE VARZEA NOVA/BA
BA;293317;Sim;VARZEDO;SECRETARIA MUNICIPAL DE SAUDE DE VARZEDO/BA
BA;293320;Sim;VERA CRUZ;SECRETARIA MUNICIPAL DE SAUDE DE VERA CRUZ/BA
BA;293325;Não;VEREDA;
BA;293330;Sim;VITORIA DA CONQUISTA;SECRETARIA MUNICIPAL DE SAUDE DE VITORIA DA CONQUISTA/BA
BA;293340;Sim;WAGNER;SECRETARIA MUNICIPAL DE SAUDE DE WAGNER/BA
BA;293345;Sim;WANDERLEY;SECRETARIA MUNICIPAL DE SAUDE DE WANDERLEY/BA
BA;293350;Sim;WENCESLAU GUIMARAES;SECRETARIA MUNICIPAL DE SAUDE DE WENCESLAU GUIMARAES/BA
BA;293360;Sim;XIQUE-XIQUE;SECRETARIA MUNICIPAL DE SAUDE DE XIQUE-XIQUE/BA
CE;230010;Sim;ABAIARA;SECRETARIA MUNICIPAL DE SAUDE DE ABAIARA/CE
CE;230015;Não;ACARAPE;
CE;230020;Sim;ACARAU;SECRETARIA MUNICIPAL DE SAUDE DE ACARAU/CE
CE;230030;Sim;ACOPIARA;SECRETARIA MUNICIPAL DE SAUDE DE ACOPIARA/CE
CE;230040;Sim;AIUABA;SECRETARIA MUNICIPAL DE SAUDE DE AIUABA/CE
CE;230050;Sim;ALCANTARAS;SECRETARIA MUNICIPAL DE SAUDE DE ALCANTARAS/CE
CE;230060;Sim;ALTANEIRA;SECRETARIA MUNICIPAL DE SAUDE DE ALTANEIRA/CE
CE;230070;Sim;ALTO SANTO;SECRETARIA MUNICIPAL DE SAUDE DE ALTO SANTO/CE
CE;230075;Sim;AMONTADA;SECRETARIA MUNICIPAL DE SAUDE DE AMONTADA/CE
CE;230080;Sim;ANTONINA DO NORTE;SECRETARIA MUNICIPAL DE SAUDE DE ANTONINA DO NORTE/CE
CE;230090;Sim;APUIARES;SECRETARIA MUNICIPAL DE SAUDE DE APUIARES/CE
CE;230100;Sim;AQUIRAZ;SECRETARIA MUNICIPAL DE SAUDE DE AQUIRAZ/CE
CE;230110;Não;ARACATI;
CE;230120;Sim;ARACOIABA;SECRETARIA MUNICIPAL DE SAUDE DE ARACOIABA/CE
CE;230125;Sim;ARARENDA;SECRETARIA MUNICIPAL DE SAUDE DE ARARENDA/CE
CE;230130;Sim;ARARIPE;SECRETARIA MUNICIPAL DE SAUDE DE ARARIPE/CE
CE;230140;Sim;ARATUBA;SECRETARIA MUNICIPAL DE SAUDE DE ARATUBA/CE
CE;230150;Sim;ARNEIROZ;SECRETARIA MUNICIPAL DE SAUDE DE ARNEIROZ/CE
CE;230160;Sim;ASSARE;SECRETARIA MUNICIPAL DE SAUDE DE ASSARE/CE
CE;230170;Sim;AURORA;SECRETARIA MUNICIPAL DE SAUDE DE AURORA/CE
CE;230180;Sim;BAIXIO;SECRETARIA MUNICIPAL DE SAUDE DE BAIXIO/CE
CE;230185;Não;BANABUIÚ;
CE;230190;Sim;BARBALHA;SECRETARIA MUNICIPAL DE SAUDE DE BARBALHA/CE
CE;230195;Não;BARREIRA;
CE;230200;Sim;BARRO;SECRETARIA MUNICIPAL DE SAUDE DE BARRO/CE
CE;230205;Não;BARROQUINHA;
CE;230210;Sim;BATURITE;SECRETARIA MUNICIPAL DE SAUDE DE BATURITE/CE
CE;230220;Sim;BEBERIBE;SECRETARIA MUNICIPAL DE SAUDE DE BEBERIBE/CE
CE;230230;Sim;BELA CRUZ;SECRETARIA MUNICIPAL DE SAUDE DE BELA CRUZ/CE
CE;230240;Sim;BOA VIAGEM;SECRETARIA MUNICIPAL DE SAUDE DE BOA VIAGEM/CE
CE;230250;Sim;BREJO SANTO;SECRETARIA MUNICIPAL DE SAUDE DE BREJO SANTO/CE
CE;230260;Sim;CAMOCIM;SECRETARIA MUNICIPAL DE SAUDE DE CAMOCIM/CE
CE;230270;Sim;CAMPOS SALES;SECRETARIA MUNICIPAL DE SAUDE DE CAMPOS SALES/CE
CE;230280;Sim;CANINDE;SECRETARIA MUNICIPAL DE SAUDE DE CANINDE/CE
CE;230290;Não;CAPISTRANO;
CE;230300;Sim;CARIDADE;SECRETARIA MUNICIPAL DE SAUDE DE CARIDADE/CE
CE;230310;Sim;CARIRE;SECRETARIA MUNICIPAL DE SAUDE DE CARIRE/CE
CE;230320;Sim;CARIRIACU;SECRETARIA MUNICIPAL DE SAUDE DE CARIRIACU/CE
CE;230330;Sim;CARIUS;SECRETARIA MUNICIPAL DE SAUDE DE CARIUS/CE
CE;230340;Sim;CARNAUBAL;SECRETARIA MUNICIPAL DE SAUDE DE CARNAUBAL/CE
CE;230350;Sim;CASCAVEL;SECRETARIA MUNICIPAL DE SAUDE DE CASCAVEL/CE
CE;230360;Não;CATARINA;
CE;230365;Não;CATUNDA;
CE;230370;Sim;CAUCAIA;SECRETARIA MUNICIPAL DE SAUDE DE CAUCAIA/CE
CE;230380;Sim;CEDRO;SECRETARIA MUNICIPAL DE SAUDE DE CEDRO/CE
CE;230390;Sim;CHAVAL;SECRETARIA MUNICIPAL DE SAUDE DE CHAVAL/CE
CE;230393;Sim;CHORO;SECRETARIA MUNICIPAL DE SAUDE DE CHORO/CE
CE;230395;Sim;CHOROZINHO;SECRETARIA MUNICIPAL DE SAUDE DE CHOROZINHO/CE
CE;230400;Sim;COREAU;SECRETARIA MUNICIPAL DE SAUDE DE COREAU/CE
CE;230410;Sim;CRATEUS;SECRETARIA MUNICIPAL DE SAUDE DE CRATEUS/CE
CE;230420;Sim;CRATO;SECRETARIA MUNICIPAL DE SAUDE DE CRATO/CE
CE;230423;Sim;CROATA;SECRETARIA MUNICIPAL DE SAUDE DE CROATA/CE
CE;230425;Sim;CRUZ;SECRETARIA MUNICIPAL DE SAUDE DE CRUZ/CE
CE;230426;Não;DEPUTADO IRAPUAN PINHEIRO;
CE;230427;Sim;ERERE;SECRETARIA MUNICIPAL DE SAUDE DE ERERE/CE
CE;230428;Sim;EUSEBIO;SECRETARIA MUNICIPAL DE SAUDE DE EUSEBIO/CE
CE;230430;Sim;FARIAS BRITO;SECRETARIA MUNICIPAL DE SAUDE DE FARIAS BRITO/CE
CE;230435;Não;FORQUILHA;
CE;230440;Sim;FORTALEZA;SECRETARIA MUNICIPAL DE SAUDE DE FORTALEZA/CE
CE;230445;Não;FORTIM;
CE;230450;Sim;FRECHEIRINHA;SECRETARIA MUNICIPAL DE SAUDE DE FRECHEIRINHA/CE
CE;230460;Não;GENERAL SAMPAIO;
CE;230465;Não;GRAÇA;
CE;230470;Sim;GRANJA;SECRETARIA MUNICIPAL DE SAUDE DE GRANJA/CE
CE;230480;Não;GRANJEIRO;
CE;230490;Não;GROAÍRAS;
CE;230495;Não;GUAIÚBA;
CE;230500;Não;GUARACIABA DO NORTE;
CE;230510;Não;GUARAMIRANGA;
CE;230520;Sim;HIDROLANDIA;SECRETARIA MUNICIPAL DE SAUDE DE HIDROLANDIA/CE
CE;230523;Sim;HORIZONTE;SECRETARIA MUNICIPAL DE SAUDE DE HORIZONTE/CE
CE;230526;Sim;IBARETAMA;SECRETARIA MUNICIPAL DE SAUDE DE IBARETAMA/CE
CE;230530;Sim;IBIAPINA;SECRETARIA MUNICIPAL DE SAUDE DE IBIAPINA/CE
CE;230533;Sim;IBICUITINGA;SECRETARIA MUNICIPAL DE SAUDE DE IBICUITINGA/CE
CE;230535;Sim;ICAPUI;SECRETARIA MUNICIPAL DE SAUDE DE ICAPUI/CE
CE;230540;Sim;ICO;SECRETARIA MUNICIPAL DE SAUDE DE ICO/CE
CE;230550;Sim;IGUATU;SECRETARIA MUNICIPAL DE SAUDE DE IGUATU/CE
CE;230560;Sim;INDEPENDENCIA;SECRETARIA MUNICIPAL DE SAUDE DE INDEPENDENCIA/CE
CE;230565;Sim;IPAPORANGA;SECRETARIA MUNICIPAL DE SAUDE DE IPAPORANGA/CE
CE;230570;Sim;IPAUMIRIM;SECRETARIA MUNICIPAL DE SAUDE DE IPAUMIRIM/CE
CE;230580;Sim;IPU;SECRETARIA MUNICIPAL DE SAUDE DE IPU/CE
CE;230590;Sim;IPUEIRAS;SECRETARIA MUNICIPAL DE SAUDE DE IPUEIRAS/CE
CE;230600;Sim;IRACEMA;SECRETARIA MUNICIPAL DE SAUDE DE IRACEMA/CE
CE;230610;Não;IRAUÇUBA;
CE;230620;Sim;ITAICABA;SECRETARIA MUNICIPAL DE SAUDE DE ITAICABA/CE
CE;230625;Sim;ITAITINGA;SECRETARIA MUNICIPAL DE SAUDE DE ITAITINGA/CE
CE;230630;Sim;ITAPAGE;SECRETARIA MUNICIPAL DE SAUDE DE ITAPAGE/CE
CE;230640;Sim;ITAPIPOCA;SECRETARIA MUNICIPAL DE SAUDE DE ITAPIPOCA/CE
CE;230650;Sim;ITAPIUNA;SECRETARIA MUNICIPAL DE SAUDE DE ITAPIUNA/CE
CE;230655;Sim;ITAREMA;SECRETARIA MUNICIPAL DE SAUDE DE ITAREMA/CE
CE;230660;Sim;ITATIRA;SECRETARIA MUNICIPAL DE SAUDE DE ITATIRA/CE
CE;230670;Sim;JAGUARETAMA;SECRETARIA MUNICIPAL DE SAUDE DE JAGUARETAMA/CE
CE;230680;Não;JAGUARIBARA;
CE;230690;Sim;JAGUARIBE;SECRETARIA MUNICIPAL DE SAUDE DE JAGUARIBE/CE
CE;230700;Sim;JAGUARUANA;SECRETARIA MUNICIPAL DE SAUDE DE JAGUARUANA/CE
CE;230710;Sim;JARDIM;SECRETARIA MUNICIPAL DE SAUDE DE JARDIM/CE
CE;230720;Sim;JATI;SECRETARIA MUNICIPAL DE SAUDE DE JATI/CE
CE;230725;Sim;JIJOCA DE JERICOACOARA;SECRETARIA MUNICIPAL DE SAUDE DE JIJOCA DE JERICOACOARA/CE
CE;230730;Sim;JUAZEIRO DO NORTE;SECRETARIA MUNICIPAL DE SAUDE DE JUAZEIRO DO NORTE/CE
CE;230740;Sim;JUCAS;SECRETARIA MUNICIPAL DE SAUDE DE JUCAS/CE
CE;230750;Sim;LAVRAS DA MANGABEIRA;SECRETARIA MUNICIPAL DE SAUDE DE LAVRAS DA MANGABEIRA/CE
CE;230760;Sim;LIMOEIRO DO NORTE;SECRETARIA MUNICIPAL DE SAUDE DE LIMOEIRO DO NORTE/CE
CE;230763;Sim;MADALENA;SECRETARIA MUNICIPAL DE SAUDE DE MADALENA/CE
CE;230765;Não;MARACANAÚ;
CE;230770;Não;MARANGUAPE;
CE;230780;Sim;MARCO;SECRETARIA MUNICIPAL DE SAUDE DE MARCO/CE
CE;230790;Não;MARTINÓPOLE;
CE;230800;Não;MASSAPÊ;
CE;230810;Sim;MAURITI;SECRETARIA MUNICIPAL DE SAUDE DE MAURITI/CE
CE;230820;Sim;MERUOCA;SECRETARIA MUNICIPAL DE SAUDE DE MERUOCA/CE
CE;230830;Sim;MILAGRES;SECRETARIA MUNICIPAL DE SAUDE DE MILAGRES/CE
CE;230835;Sim;MILHA;SECRETARIA MUNICIPAL DE SAUDE DE MILHA/CE
CE;230837;Sim;MIRAIMA;SECRETARIA MUNICIPAL DE SAUDE DE MIRAIMA/CE
CE;230840;Sim;MISSAO VELHA;SECRETARIA MUNICIPAL DE SAUDE DE MISSAO VELHA/CE
CE;230850;Sim;MOMBACA;SECRETARIA MUNICIPAL DE SAUDE DE MOMBACA/CE
CE;230860;Sim;MONSENHOR TABOSA;SECRETARIA MUNICIPAL DE SAUDE DE MONSENHOR TABOSA/CE
CE;230870;Sim;MORADA NOVA;SECRETARIA MUNICIPAL DE SAUDE DE MORADA NOVA/CE
CE;230880;Não;MORAÚJO;
CE;230890;Sim;MORRINHOS;SECRETARIA MUNICIPAL DE SAUDE DE MORRINHOS/CE
CE;230900;Não;MUCAMBO;
CE;230910;Não;MULUNGU;
CE;230920;Sim;NOVA OLINDA;SECRETARIA MUNICIPAL DE SAUDE DE NOVA OLINDA/CE
CE;230930;Sim;NOVA RUSSAS;SECRETARIA MUNICIPAL DE SAUDE DE NOVA RUSSAS/CE
CE;230940;Não;NOVO ORIENTE;
CE;230945;Sim;OCARA;SECRETARIA MUNICIPAL DE SAUDE DE OCARA/CE
CE;230950;Sim;OROS;SECRETARIA MUNICIPAL DE SAUDE DE OROS/CE
CE;230960;Sim;PACAJUS;SECRETARIA MUNICIPAL DE SAUDE DE PACAJUS/CE
CE;230970;Sim;PACATUBA;SECRETARIA MUNICIPAL DE SAUDE DE PACATUBA/CE
CE;230980;Sim;PACOTI;SECRETARIA MUNICIPAL DE SAUDE DE PACOTI/CE
CE;230990;Sim;PACUJA;SECRETARIA MUNICIPAL DE SAUDE DE PACUJA/CE
CE;231000;Sim;PALHANO;SECRETARIA MUNICIPAL DE SAUDE DE PALHANO/CE
CE;231010;Sim;PALMACIA;SECRETARIA MUNICIPAL DE SAUDE DE PALMACIA/CE
CE;231020;Sim;PARACURU;SECRETARIA MUNICIPAL DE SAUDE DE PARACURU/CE
CE;231025;Não;PARAIPABA;
CE;231030;Sim;PARAMBU;SECRETARIA MUNICIPAL DE SAUDE DE PARAMBU/CE
CE;231040;Sim;PARAMOTI;SECRETARIA MUNICIPAL DE SAUDE DE PARAMOTI/CE
CE;231050;Sim;PEDRA BRANCA;SECRETARIA MUNICIPAL DE SAUDE DE PEDRA BRANCA/CE
CE;231060;Sim;PENAFORTE;SECRETARIA MUNICIPAL DE SAUDE DE PENAFORTE/CE
CE;231070;Não;PENTECOSTE;
CE;231080;Sim;PEREIRO;SECRETARIA MUNICIPAL DE SAUDE DE PEREIRO/CE
CE;231085;Sim;PINDORETAMA;SECRETARIA MUNICIPAL DE SAUDE DE PINDORETAMA/CE
CE;231090;Sim;PIQUET CARNEIRO;SECRETARIA MUNICIPAL DE SAUDE DE PIQUET CARNEIRO/CE
CE;231095;Sim;PIRES FERREIRA;SECRETARIA MUNICIPAL DE SAUDE DE PIRES FERREIRA/CE
CE;231100;Sim;PORANGA;SECRETARIA MUNICIPAL DE SAUDE DE PORANGA/CE
CE;231110;Sim;PORTEIRAS;SECRETARIA MUNICIPAL DE SAUDE DE PORTEIRAS/CE
CE;231120;Sim;POTENGI;SECRETARIA MUNICIPAL DE SAUDE DE POTENGI/CE
CE;231123;Sim;POTIRETAMA;SECRETARIA MUNICIPAL DE SAUDE DE POTIRETAMA/CE
CE;231126;Sim;QUITERIANOPOLIS;SECRETARIA MUNICIPAL DE SAUDE DE QUITERIANOPOLIS/CE
CE;231130;Sim;QUIXADA;SECRETARIA MUNICIPAL DE SAUDE DE QUIXADA/CE
CE;231135;Sim;QUIXELO;SECRETARIA MUNICIPAL DE SAUDE DE QUIXELO/CE
CE;231140;Não;QUIXERAMOBIM;
CE;231150;Sim;QUIXERE;SECRETARIA MUNICIPAL DE SAUDE DE QUIXERE/CE
CE;231160;Não;REDENÇÃO;
CE;231170;Não;RERIUTABA;
CE;231180;Sim;RUSSAS;SECRETARIA MUNICIPAL DE SAUDE DE RUSSAS/CE
CE;231190;Sim;SABOEIRO;SECRETARIA MUNICIPAL DE SAUDE DE SABOEIRO/CE
CE;231195;Sim;SALITRE;SECRETARIA MUNICIPAL DE SAUDE DE SALITRE/CE
CE;231200;Sim;SANTANA DO ACARAU;SECRETARIA MUNICIPAL DE SAUDE DE SANTANA DO ACARAU/CE
CE;231210;Sim;SANTANA DO CARIRI;SECRETARIA MUNICIPAL DE SAUDE DE SANTANA DO CARIRI/CE
CE;231220;Sim;SANTA QUITERIA;SECRETARIA MUNICIPAL DE SAUDE DE SANTA QUITERIA/CE
CE;231230;Sim;SAO BENEDITO;SECRETARIA MUNICIPAL DE SAUDE DE SAO BENEDITO/CE
CE;231240;Não;SÃO GONÇALO DO AMARANTE;
CE;231250;Sim;SAO JOAO DO JAGUARIBE;SECRETARIA MUNICIPAL DE SAUDE DE SAO JOAO DO JAGUARIBE/CE
CE;231260;Sim;SAO LUIS DO CURU;SECRETARIA MUNICIPAL DE SAUDE DE SAO LUIZ DO CURU/CE
CE;231270;Sim;SENADOR POMPEU;SECRETARIA MUNICIPAL DE SAUDE DE SENADOR POMPEU/CE
CE;231280;Sim;SENADOR SA;SECRETARIA MUNICIPAL DE SAUDE DE SENADOR SA/CE
CE;231290;Sim;SOBRAL;SECRETARIA MUNICIPAL DE SAUDE DE SOBRAL/CE
CE;231300;Sim;SOLONOPOLE;SECRETARIA MUNICIPAL DE SAUDE DE SOLONOPOLE/CE
CE;231310;Não;TABULEIRO DO NORTE;
CE;231320;Sim;TAMBORIL;SECRETARIA MUNICIPAL DE SAUDE DE TAMBORIL/CE
CE;231325;Sim;TARRAFAS;SECRETARIA MUNICIPAL DE SAUDE DE TARRAFAS/CE
CE;231330;Sim;TAUA;SECRETARIA MUNICIPAL DE SAUDE DE TAUA/CE
CE;231335;Sim;TEJUCUOCA;SECRETARIA MUNICIPAL DE SAUDE DE TEJUCUOCA/CE
CE;231340;Sim;TIANGUA;SECRETARIA MUNICIPAL DE SAUDE DE TIANGUA/CE
CE;231350;Sim;TRAIRI;SECRETARIA MUNICIPAL DE SAUDE DE TRAIRI/CE
CE;231355;Sim;TURURU;SECRETARIA MUNICIPAL DE SAUDE DE TURURU/CE
CE;231360;Não;UBAJARA;
CE;231370;Não;UMARI;
CE;231375;Sim;UMIRIM;SECRETARIA MUNICIPAL DE SAUDE DE UMIRIM/CE
CE;231380;Sim;URUBURETAMA;SECRETARIA MUNICIPAL DE SAUDE DE URUBURETAMA/CE
CE;231390;Sim;URUOCA;SECRETARIA MUNICIPAL DE SAUDE DE URUOCA/CE
CE;231395;Não;VARJOTA;
CE;231400;Sim;VARZEA ALEGRE;SECRETARIA MUNICIPAL DE SAUDE DE VARZEA ALEGRE/CE
CE;231410;Sim;VICOSA DO CEARA;SECRETARIA MUNICIPAL DE SAUDE DE VICOSA DO CEARA/CE
MA;210005;Sim;ACAILANDIA;SECRETARIA MUNICIPAL DE SAUDE DE ACAILANDIA/MA
MA;210010;Sim;AFONSO CUNHA;SECRETARIA MUNICIPAL DE SAUDE DE AFONSO CUNHA/MA
MA;210015;Não;ÁGUA DOCE DO MARANHÃO;
MA;210020;Sim;ALCANTARA;SECRETARIA MUNICIPAL DE SAUDE DE ALCANTARA/MA
MA;210030;Não;ALDEIAS ALTAS;
MA;210040;Não;ALTAMIRA DO MARANHÃO;
MA;210043;Não;ALTO ALEGRE DO MARANHÃO;
MA;210047;Sim;ALTO ALEGRE DO PINDARE;SECRETARIA MUNICIPAL DE SAUDE DE ALTO ALEGRE DO PINDARE/MA
MA;210050;Não;ALTO PARNAÍBA;
MA;210055;Não;AMAPÁ DO MARANHÃO;
MA;210060;Sim;AMARANTE DO MARANHAO;SECRETARIA MUNICIPAL DE SAUDE DE AMARANTE DO MARANHAO/MA
MA;210070;Sim;ANAJATUBA;SECRETARIA MUNICIPAL DE SAUDE DE ANAJATUBA/MA
MA;210080;Sim;ANAPURUS;SECRETARIA MUNICIPAL DE SAUDE DE ANAPURUS/MA
MA;210083;Sim;APICUM-ACU;SECRETARIA MUNICIPAL DE SAUDE DE APICUM-ACU/MA
MA;210087;Sim;ARAGUANA;SECRETARIA MUNICIPAL DE SAUDE DE ARAGUANA/MA
MA;210090;Não;ARAIOSES;
MA;210095;Sim;ARAME;SECRETARIA MUNICIPAL DE SAUDE DE ARAME/MA
MA;210100;Sim;ARARI;SECRETARIA MUNICIPAL DE SAUDE DE ARARI/MA
MA;210110;Não;AXIXÁ;
MA;210120;Sim;BACABAL;SECRETARIA MUNICIPAL DE SAUDE DE BACABAL/MA
MA;210125;Não;BACABEIRA;
MA;210130;Sim;BACURI;SECRETARIA MUNICIPAL DE SAUDE DE BACURI/MA
MA;210135;Sim;BACURITUBA;SECRETARIA MUNICIPAL DE SAUDE DE BACURITUBA/MA
MA;210140;Sim;BALSAS;SECRETARIA MUNICIPAL DE SAUDE DE BALSAS/MA
MA;210150;Sim;BARAO DE GRAJAU;SECRETARIA MUNICIPAL DE SAUDE DE BARAO DE GRAJAU/MA
MA;210160;Sim;BARRA DO CORDA;SECRETARIA MUNICIPAL DE SAUDE DE BARRA DO CORDA/MA
MA;210170;Não;BARREIRINHAS;
MA;210173;Sim;BELAGUA;SECRETARIA MUNICIPAL DE SAUDE DE BELAGUA/MA
MA;210177;Sim;BELA VISTA DO MARANHAO;SECRETARIA MUNICIPAL DE SAUDE DE BELA VISTA DO MARANHAO/MA
MA;210180;Sim;BENEDITO LEITE;SECRETARIA MUNICIPAL DE SAUDE DE BENEDITO LEITE/MA
MA;210190;Sim;BEQUIMAO;SECRETARIA MUNICIPAL DE SAUDE DE BEQUIMAO/MA
MA;210193;Sim;BERNARDO DO MEARIM;SECRETARIA MUNICIPAL DE SAUDE DE BERNARDO DO MEARIM/MA
MA;210197;Não;BOA VISTA DO GURUPI;
MA;210200;Não;BOM JARDIM;
MA;210203;Sim;BOM JESUS DAS SELVAS;SECRETARIA MUNICIPAL DE SAUDE DE BOM JESUS DA SELVAS/MA
MA;210207;Sim;BOM LUGAR;SECRETARIA MUNICIPAL DE SAUDE DE BOM LUGAR/MA
MA;210210;Sim;BREJO;SECRETARIA MUNICIPAL DE SAUDE DE BREJO/MA
MA;210215;Não;BREJO DE AREIA;
MA;210220;Sim;BURITI;SECRETARIA MUNICIPAL DE SAUDE DE BURITI/MA
MA;210230;Sim;BURITI BRAVO;SECRETARIA MUNICIPAL DE SAUDE DE BURITI BRAVO/MA
MA;210232;Sim;BURITICUPU;SECRETARIA MUNICIPAL DE SAUDE DE BURITICUPU/MA
MA;210235;Sim;BURITIRANA;SECRETARIA MUNICIPAL DE SAUDE DE BURITIRANA/MA
MA;210237;Não;CACHOEIRA GRANDE;
MA;210240;Sim;CAJAPIO;SECRETARIA MUNICIPAL DE SAUDE DE CAJAPIO/MA
MA;210250;Sim;CAJARI;SECRETARIA MUNICIPAL DE SAUDE DE CAJARI/MA
MA;210255;Sim;CAMPESTRE DO MARANHAO;SECRETARIA MUNICIPAL DE SAUDE DE CAMPESTRE DO MARANHAO/MA
MA;210260;Não;CÂNDIDO MENDES;
MA;210270;Sim;CANTANHEDE;SECRETARIA MUNICIPAL DE SAUDE DE CANTANHEDE/MA
MA;210275;Sim;CAPINZAL DO NORTE;SECRETARIA MUNICIPAL DE SAUDE DE CAPINZAL DO NORTE/MA
MA;210280;Sim;CAROLINA;SECRETARIA MUNICIPAL DE SAUDE DE CAROLINA/MA
MA;210290;Sim;CARUTAPERA;SECRETARIA MUNICIPAL DE SAUDE DE CARUTAPERA/MA
MA;210300;Sim;CAXIAS;SECRETARIA MUNICIPAL DE SAUDE DE CAXIAS/MA
MA;210310;Sim;CEDRAL;SECRETARIA MUNICIPAL DE SAUDE DE CEDRAL/MA
MA;210312;Sim;CENTRAL DO MARANHAO;SECRETARIA MUNICIPAL DE SAUDE DE CENTRAL DO MARANHAO/MA
MA;210315;Não;CENTRO DO GUILHERME;
MA;210317;Não;CENTRO NOVO DO MARANHÃO;
MA;210320;Sim;CHAPADINHA;SECRETARIA MUNICIPAL DE SAUDE DE CHAPADINHA/MA
MA;210325;Sim;CIDELANDIA;SECRETARIA MUNICIPAL DE SAUDE DE CIDELANDIA/MA
MA;210330;Sim;CODO;SECRETARIA MUNICIPAL DE SAUDE DE CODO/MA
MA;210340;Não;COELHO NETO;
MA;210350;Sim;COLINAS;SECRETARIA MUNICIPAL DE SAUDE DE COLINAS/MA
MA;210355;Não;CONCEIÇÃO DO LAGO-AÇU;
MA;210360;Sim;COROATA;SECRETARIA MUNICIPAL DE SAUDE DE COROATA/MA
MA;210370;Sim;CURURUPU;SECRETARIA MUNICIPAL DE SAUDE DE CURURUPU/MA
MA;210375;Sim;DAVINOPOLIS;SECRETARIA MUNICIPAL DE SAUDE DE DAVINOPOLIS/MA
MA;210380;Sim;DOM PEDRO;SECRETARIA MUNICIPAL DE SAUDE DE DOM PEDRO/MA
MA;210390;Não;DUQUE BACELAR;
MA;210400;Sim;ESPERANTINOPOLIS;SECRETARIA MUNICIPAL DE SAUDE DE ESPERANTINOPOLIS/MA
MA;210405;Sim;ESTREITO;SECRETARIA MUNICIPAL DE SAUDE DE ESTREITO/MA
MA;210407;Não;FEIRA NOVA DO MARANHÃO;
MA;210408;Não;FERNANDO FALCÃO;
MA;210409;Sim;FORMOSA DA SERRA NEGRA;SECRETARIA MUNICIPAL DE SAUDE DE FORMOSA DA SERRA NEGRA/MA
MA;210410;Sim;FORTALEZA DOS NOGUEIRAS;SECRETARIA MUNICIPAL DE SAUDE DE FORTALEZA DOS NOGUEIRAS/MA
MA;210420;Sim;FORTUNA;SECRETARIA MUNICIPAL DE SAUDE DE FORTUNA/MA
MA;210430;Não;GODOFREDO VIANA;
MA;210440;Sim;GONCALVES DIAS;SECRETARIA MUNICIPAL DE SAUDE DE GONCALVES DIAS/MA
MA;210450;Não;GOVERNADOR ARCHER;
MA;210455;Sim;GOVERNADOR EDISON LOBAO;SECRETARIA MUNICIPAL DE SAUDE DE GOVERNADOR EDSON LOBAO/MA
MA;210460;Não;GOVERNADOR EUGÊNIO BARROS;
MA;210462;Não;GOVERNADOR LUIZ ROCHA;
MA;210465;Sim;GOVERNADOR NEWTON BELLO;SECRETARIA MUNICIPAL DE SAUDE DE GOVERNADOR NEWTON BELLO/MA
MA;210467;Sim;GOVERNADOR NUNES FREIRE;SECRETARIA MUNICIPAL DE SAUDE DE GOVERNADOR NUNES FREIRE/MA
MA;210470;Não;GRAÇA ARANHA;
MA;210480;Sim;GRAJAU;SECRETARIA MUNICIPAL DE SAUDE DE GRAJAU/MA
MA;210490;Sim;GUIMARAES;SECRETARIA MUNICIPAL DE SAUDE DE GUIMARAES/MA
MA;210500;Não;HUMBERTO DE CAMPOS;
MA;210510;Não;ICATU;
MA;210515;Sim;IGARAPE DO MEIO;SECRETARIA MUNICIPAL DE SAUDE DE IGARAPE DO MEIO/MA
MA;210520;Sim;IGARAPE GRANDE;SECRETARIA MUNICIPAL DE SAUDE DE IGARAPE GRANDE/MS
MA;210530;Sim;IMPERATRIZ;SECRETARIA MUNICIPAL DE SAUDE DE IMPERATRIZ/MA
MA;210535;Sim;ITAIPAVA DO GRAJAU;SECRETARIA MUNICIPAL DE SAUDE DE ITAIPAVA DO GRAJAU/MA
MA;210540;Sim;ITAPECURU MIRIM;SECRETARIA MUNICIPAL DE SAUDE DE ITAPECURU - MIRIM/MA
MA;210542;Sim;ITINGA DO MARANHAO;SECRETARIA MUNICIPAL DE SAUDE DE ITINGA DO MARANHAO/MA
MA;210545;Não;JATOBÁ;
MA;210547;Sim;JENIPAPO DOS VIEIRAS;SECRETARIA MUNICIPAL DE SAUDE DE JENIPAPO DOS VIEIRAS/MA
MA;210550;Sim;JOAO LISBOA;SECRETARIA MUNICIPAL DE SAUDE DE JOAO LISBOA/MA
MA;210560;Não;JOSELÂNDIA;
MA;210565;Não;JUNCO DO MARANHÃO;
MA;210570;Sim;LAGO DA PEDRA;SECRETARIA MUNICIPAL DE SAUDE DE LAGO DA PEDRA/MA
MA;210580;Sim;LAGO DO JUNCO;SECRETARIA MUNICIPAL DE SAUDE DE LAGO DO JUNCO/MA
MA;210590;Não;LAGO VERDE;
MA;210592;Sim;LAGOA DO MATO;SECRETARIA MUNICIPAL DE SAUDE DE LAGOA DO MATO/MA
MA;210594;Sim;LAGO DOS RODRIGUES;SECRETARIA MUNICIPAL DE SAUDE DE LAGO DOS RODRIGUES/MA
MA;210596;Sim;LAGOA GRANDE DO MARANHAO;SECRETARIA MUNICIPAL DE SAUDE DE LAGOA GRANDE DO MARANHAO/MA
MA;210598;Sim;LAJEADO NOVO;SECRETARIA MUNICIPAL DE SAUDE DE LAJEADO NOVO/MA
MA;210600;Sim;LIMA CAMPOS;SECRETARIA MUNICIPAL DE SAUDE DE LIMA CAMPOS/MA
MA;210610;Sim;LORETO;SECRETARIA MUNICIPAL DE SAUDE DE LORETO/MA
MA;210620;Sim;LUIS DOMINGUES;SECRETARIA MUNICIPAL DE SAUDE DE LUIS DOMINGUES/MA
MA;210630;Sim;MAGALHAES DE ALMEIDA;SECRETARIA MUNICIPAL DE SAUDE DE MAGALHAES DE ALMEIDA/MA
MA;210632;Não;MARACAÇUMÉ;
MA;210635;Não;MARAJÁ DO SENA;
MA;210637;Não;MARANHÃOZINHO;
MA;210640;Sim;MATA ROMA;SECRETARIA MUNICIPAL DE SAUDE DE MATA ROMA/MA
MA;210650;Sim;MATINHA;SECRETARIA MUNICIPAL DE SAUDE DE MATINHA/MA
MA;210660;Não;MATÕES;
MA;210663;Sim;MATOES DO NORTE;SECRETARIA MUNICIPAL DE SAUDE DE MATOES DO NORTE/MA
MA;210667;Sim;MILAGRES DO MARANHAO;SECRETARIA MUNICIPAL DE SAUDE DE MILAGRES DO MARANHAO/MA
MA;210670;Sim;MIRADOR;SECRETARIA MUNICIPAL DE SAUDE DE MIRADOR/MA
MA;210675;Sim;MIRANDA DO NORTE;SECRETARIA MUNICIPAL DE SAUDE DE MIRANDA DO NORTE/MA
MA;210680;Sim;MIRINZAL;SECRETARIA MUNICIPAL DE SAUDE DE MIRINZAL/MA
MA;210690;Sim;MONCAO;SECRETARIA MUNICIPAL DE SAUDE DE MONCAO/MA
MA;210700;Sim;MONTES ALTOS;SECRETARIA MUNICIPAL DE SAUDE DE MONTES ALTOS/MA
MA;210710;Não;MORROS;
MA;210720;Sim;NINA RODRIGUES;SECRETARIA MUNICIPAL DE SAUDE DE NINA RODRIGUES/MA
MA;210725;Não;NOVA COLINAS;
MA;210730;Sim;NOVA IORQUE;SECRETARIA MUNICIPAL DE SAUDE DE NOVA IORQUE/MA
MA;210735;Não;NOVA OLINDA DO MARANHÃO;
MA;210740;Não;OLHO D'ÁGUA DAS CUNHÃS;
MA;210745;Sim;OLINDA NOVA DO MARANHAO;SECRETARIA MUNICIPAL DE SAUDE DE OLINDA NOVA DO MARANHAO/MA
MA;210750;Sim;PACO DO LUMIAR;SECRETARIA MUNICIPAL DE SAUDE DE PACO DO LUMIAR/MA
MA;210760;Sim;PALMEIRANDIA;SECRETARIA MUNICIPAL DE SAUDE DE PALMEIRANDIA/MA
MA;210770;Sim;PARAIBANO;SECRETARIA MUNICIPAL DE SAUDE DE PARAIBANO/MA
MA;210780;Não;PARNARAMA;
MA;210790;Sim;PASSAGEM FRANCA;SECRETARIA MUNICIPAL DE SAUDE DE PASSAGEM FRANCA/MA
MA;210800;Sim;PASTOS BONS;SECRETARIA MUNICIPAL DE SAUDE DE PASTOS BONS/MA
MA;210805;Sim;PAULINO NEVES;SECRETARIA MUNICIPAL DE SAUDE DE PAULINO NEVES/MA
MA;210810;Não;PAULO RAMOS;
MA;210820;Sim;PEDREIRAS;SECRETARIA MUNICIPAL DE SAUDE DE PEDREIRAS/MA
MA;210825;Sim;PEDRO DO ROSARIO;SECRETARIA MUNICIPAL DE SAUDE DE PEDRO DO ROSARIO/MA
MA;210830;Sim;PENALVA;SECRETARIA MUNICIPAL DE SAUDE DE PENALVA/MA
MA;210840;Sim;PERI MIRIM;SECRETARIA MUNICIPAL DE SAUDE DE PERI MIRIM/MA
MA;210845;Sim;PERITORO;SECRETARIA MUNICIPAL DE SAUDE DE PERITORO/MA
MA;210850;Sim;PINDARE-MIRIM;SECRETARIA MUNICIPAL DE SAUDE DE PINDARE MIRIM/MA
MA;210860;Sim;PINHEIRO;SECRETARIA MUNICIPAL DE SAUDE DE PINHEIRO/MA
MA;210870;Sim;PIO XII;SECRETARIA MUNICIPAL DE SAUDE DE PIO XII/MA
MA;210880;Sim;PIRAPEMAS;SECRETARIA MUNICIPAL DE SAUDE DE PIRAPEMAS/MA
MA;210890;Sim;POCAO DE PEDRAS;SECRETARIA MUNICIPAL DE SAUDE DE POCAO DE PEDRAS/MA
MA;210900;Sim;PORTO FRANCO;SECRETARIA MUNICIPAL DE SAUDE DE PORTO FRANCO/MA
MA;210905;Sim;PORTO RICO DO MARANHAO;SECRETARIA MUNICIPAL DE SAUDE DE PORTO RICO DO MARANHAO/MA
MA;210910;Sim;PRESIDENTE DUTRA;SECRETARIA MUNICIPAL DE SAUDE DE PRESITENDE DUTRA/MA
MA;210920;Não;PRESIDENTE JUSCELINO;
MA;210923;Sim;PRESIDENTE MEDICI;SECRETARIA MUNICIPAL DE SAUDE DE PRESIDENTE MEDICI/MA
MA;210927;Sim;PRESIDENTE SARNEY;SECRETARIA MUNICIPAL DE SAUDE DE PRESIDENTE SARNEY/MA
MA;210930;Sim;PRESIDENTE VARGAS;SECRETARIA MUNICIPAL DE SAUDE DE PRESIDENTE VARGAS/MA
MA;210940;Não;PRIMEIRA CRUZ;
MA;210945;Sim;RAPOSA;SECRETARIA MUNICIPAL DE SAUDE DE RAPOSA/MA
MA;210950;Não;RIACHÃO;
MA;210955;Sim;RIBAMAR FIQUENE;SECRETARIA MUNICIPAL DE SAUDE DE RIBAMAR FIQUENE/MA
MA;210960;Sim;ROSARIO;SECRETARIA MUNICIPAL DE SAUDE DE ROSARIO/MA
MA;210970;Não;SAMBAÍBA;
MA;210975;Sim;SANTA FILOMENA DO MARANHAO;SECRETARIA MUNICIPAL DE SAUDE DE SANTA FILOMENA DO MARANHAO/MA
MA;210980;Sim;SANTA HELENA;SECRETARIA MUNICIPAL DE SAUDE DE SANTA HELENA/MA
MA;210990;Não;SANTA INÊS;
MA;211000;Não;SANTA LUZIA;
MA;211003;Sim;SANTA LUZIA DO PARUA;SECRETARIA MUNICIPAL DE SAUDE DE SANTA LUZIA DO PARUA/MA
MA;211010;Sim;SANTA QUITERIA DO MARANHAO;SECRETARIA MUNICIPAL DE SAUDE DE SANTA QUITERIA DO MARANHAO/MA
MA;211020;Não;SANTA RITA;
MA;211023;Sim;SANTANA DO MARANHAO;SECRETARIA MUNICIPAL DE SAUDE DE SANTANA DO MARANHAO/MA
MA;211027;Não;SANTO AMARO DO MARANHÃO;
MA;211030;Sim;SANTO ANTONIO DOS LOPES;SECRETARIA MUNICIPAL DE SAUDE DE SANTO ANTONIO DOS LOPES/MA
MA;211040;Sim;SAO BENEDITO DO RIO PRETO;SECRETARIA MUNICIPAL DE SAUDE DE SAO BENEDITO DO RIO PRETO/MA
MA;211050;Sim;SAO BENTO;SECRETARIA MUNICIPAL DE SAUDE DE SAO BENTO/MA
MA;211060;Sim;SAO BERNARDO;SECRETARIA MUNICIPAL DE SAUDE DE SAO BERNARDO/MA
MA;211065;Sim;SAO DOMINGOS DO AZEITAO;SECRETARIA MUNICIPAL DE SAUDE DE SAO DOMINGOS DO AZEITAO/MA
MA;211070;Sim;SAO DOMINGOS DO MARANHAO;SECRETARIA MUNICIPAL DE SAUDE DE SAO DOMINGOS DO MARANHAO/MA
MA;211080;Sim;SAO FELIX DE BALSAS;SECRETARIA MUNICIPAL DE SAUDE DE SAO FELIX DE BALSAS/MA
MA;211085;Sim;SAO FRANCISCO DO BREJAO;SECRETARIA MUNICIPAL DE SAUDE DE SAO FRANCISCO DO BREJAO/MA
MA;211090;Não;SÃO FRANCISCO DO MARANHÃO;
MA;211100;Sim;SAO JOAO BATISTA;SECRETARIA MUNICIPAL DE SAUDE DE SAO JOAO BATISTA/MA
MA;211102;Não;SÃO JOÃO DO CARÚ;
MA;211105;Sim;SAO JOAO DO PARAISO;SECRETARIA MUNICIPAL DE SAUDE DE SAO JOAO DO PARAISO/MA
MA;211107;Não;SÃO JOÃO DO SOTER;
MA;211110;Sim;SAO JOAO DOS PATOS;SECRETARIA MUNICIPAL DE SAUDE DE SAO JOAO DOS PATOS/MA
MA;211120;Sim;SAO JOSE DE RIBAMAR;SECRETARIA MUNICIPAL DE SAUDE DE SAO JOSE DE RIBAMAR/MA
MA;211125;Não;SÃO JOSÉ DOS BASÍLIOS;
MA;211130;Sim;SAO LUIS;SECRETARIA MUNICIPAL DE SAUDE DE SAO LUIS/MA
MA;211140;Não;SÃO LUÍS GONZAGA DO MARANHÃO;
MA;211150;Sim;SAO MATEUS DO MARANHAO;SECRETARIA MUNICIPAL DE SAUDE DE SAO MATEUS DO MARANHAO/MA
MA;211153;Sim;SAO PEDRO DA AGUA BRANCA;SECRETARIA MUNICIPAL DE SAUDE DE SAO PEDRO DA AGUA BRANCA/MA
MA;211157;Sim;SAO PEDRO DOS CRENTES;SECRETARIA MUNICIPAL DE SAUDE DE SAO PEDRO DOS CRENTES/MA
MA;211160;Sim;SAO RAIMUNDO DAS MANGABEIRAS;SECRETARIA MUNICIPAL DE SAUDE DE SAO RAIMUNDO DAS MANGABEIRAS/MA
MA;211163;Sim;SAO RAIMUNDO DO DOCA BEZERRA;SECRETARIA MUNICIPAL DE SAUDE DE SAO RAIMUNDO DO DOCA BEZERRA/MA
MA;211167;Sim;SAO ROBERTO;SECRETARIA MUNICIPAL DE SAUDE DE SAO ROBERTO/MA
MA;211170;Sim;SAO VICENTE FERRER;SECRETARIA MUNICIPAL DE SAUDE DE SAO VICENTE FERRER/MA
MA;211172;Sim;SATUBINHA;SECRETARIA MUNICIPAL DE SAUDE DE SATUBINHA/MA
MA;211174;Sim;SENADOR ALEXANDRE COSTA;SECRETARIA MUNICIPAL DE SAUDE DE SENADOR ALEXANDRE COSTA/MA
MA;211176;Sim;SENADOR LA ROCQUE;SECRETARIA MUNICIPAL DE SAUDE DE SENADOR LA ROQUE/MA
MA;211178;Sim;SERRANO DO MARANHAO;SECRETARIA MUNICIPAL DE SAUDE DE SERRANO DO MARANHAO/MA
MA;211180;Sim;SITIO NOVO;SECRETARIA MUNICIPAL DE SAUDE DE SITIO NOVO/MA
MA;211190;Sim;SUCUPIRA DO NORTE;SECRETARIA MUNICIPAL DE SAUDE DE SUCUPIRA DO NORTE/MA
MA;211195;Sim;SUCUPIRA DO RIACHAO;SECRETARIA MUNICIPAL DE SAUDE DE SUCUPIRA DO RIACHAO/MA
MA;211200;Sim;TASSO FRAGOSO;SECRETARIA MUNICIPAL DE SAUDE DE TASSO FRAGOSO/MA
MA;211210;Sim;TIMBIRAS;SECRETARIA MUNICIPAL DE SAUDE DE TIMBIRAS/MA
MA;211220;Sim;TIMON;SECRETARIA MUNICIPAL DE SAUDE DE TIMON/MA
MA;211223;Sim;TRIZIDELA DO VALE;SECRETARIA MUNICIPAL DE SAUDE DE TRIZIDELA DO VALE/MA
MA;211227;Sim;TUFILANDIA;SECRETARIA MUNICIPAL DE SAUDE DE TUFILANDIA/MA
MA;211230;Sim;TUNTUM;SECRETARIA MUNICIPAL DE SAUDE DE TUNTUM/MA
MA;211240;Sim;TURIACU;SECRETARIA MUNICIPAL DE SAUDE DE TURIACU/MA
MA;211245;Sim;TURILANDIA;SECRETARIA MUNICIPAL DE SAUDE DE TURILANDIA/MA
MA;211250;Sim;TUTOIA;SECRETARIA MUNICIPAL DE SAUDE DE TUTOIA/MA
MA;211260;Não;URBANO SANTOS;
MA;211270;Sim;VARGEM GRANDE;SECRETARIA MUNICIPAL DE SAUDE DE VARGEM GRANDE/MA
MA;211280;Sim;VIANA;SECRETARIA MUNICIPAL DE SAUDE DE VIANA/MA
MA;211285;Sim;VILA NOVA DOS MARTIRIOS;SECRETARIA MUNICIPAL DE SAUDE DE VILA NOVA DOS MARTIRIOS/MA
MA;211290;Sim;VITORIA DO MEARIM;SECRETARIA MUNICIPAL DE SAUDE DE VITORIA DO MEARIM/MA
MA;211300;Não;VITORINO FREIRE;
MA;211400;Sim;ZE DOCA;SECRETARIA MUNICIPAL DE SAUDE DE ZE DOCA/MA
PB;250010;Sim;AGUA BRANCA;SECRETARIA MUNICIPAL DE SAUDE AGUA BRANCA/PB
PB;250020;Sim;AGUIAR;SECRETARIA MUNICIPAL DE SAUDE AGUIAR/PB
PB;250030;Sim;ALAGOA GRANDE;SECRETARIA MUNICIPAL DE SAUDE ALAGOA GRANDE/PB
PB;250040;Sim;ALAGOA NOVA;SECRETARIA MUNICIPAL DE SAUDE DE ALAGOA NOVA/PB
PB;250050;Não;ALAGOINHA;
PB;250053;Sim;ALCANTIL;SECRETARIA MUNICIPAL DE SAUDE ALCANTIL/PB
PB;250057;Sim;ALGODAO DE JANDAIRA;SECRETARIA MUNICIPAL DE SAUDE ALGODAO DE JANDAIRA/PB
PB;250060;Sim;ALHANDRA;SECRETARIA MUNICIPAL DE SAUDE ALHANDRA/PB
PB;250070;Não;SÃO JOÃO DO RIO DO PEIXE;
PB;250073;Não;AMPARO;
PB;250077;Não;APARECIDA;
PB;250080;Sim;ARACAGI;SECRETARIA MUNICIPAL DE SAUDE DE ARACAGI/PB
PB;250090;Sim;ARARA;SECRETARIA MUNICIPAL DE SAUDE DE ARARA
PB;250100;Sim;ARARUNA;SECRETARIA MUNICIPAL DE SAUDE DE ARARUNA/PB
PB;250110;Sim;AREIA;SECRETARIA MUNICIPAL DE SAUDE AREIA/PB
PB;250115;Não;AREIA DE BARAÚNAS;
PB;250120;Sim;AREIAL;SECRETARIA MUNICIPAL DE SAUDE DE AREIAL/PB
PB;250130;Sim;AROEIRAS;SECRETARIA MUNICIPAL DE SAUDE AROEIRAS/PB
PB;250135;Sim;ASSUNCAO;SECRETARIA MUNICIPAL DE SAUDE ASSUNCAO/PB
PB;250140;Sim;BAIA DA TRAICAO;SECRETARIA MUNICIPAL DE SAUDE DE BAIA DA TRAICAO/PB
PB;250150;Sim;BANANEIRAS;SECRETARIA MUNICIPAL DE SAUDE BANANEIRAS/PB
PB;250153;Sim;BARAUNA;SECRETARIA MUNICIPAL DE SAUDE DE BARAUNA/PB
PB;250157;Sim;BARRA DE SANTANA;SECRETARIA MUNICIPAL DE SAUDE DE BARRA DE SANTANA/PB
PB;250160;Sim;BARRA DE SANTA ROSA;SECRETARIA MUNICIPAL DE SAUDE DE BARRA DE SANTA ROSA/PB
PB;250170;Sim;BARRA DE SAO MIGUEL;SECRETARIA MUNICIPAL DE SAUDE BARRA DE SAO MIGUEL/PB
PB;250180;Não;BAYEUX;
PB;250190;Sim;BELEM;SECRETARIA MUNICIPAL DE SAUDE BELEM/PB
PB;250200;Sim;BELEM DO BREJO DO CRUZ;SECRETARIA MUNICIPAL DE SAUDE BELEM DO BREJO DO CRUZ/PB
PB;250205;Sim;BERNARDINO BATISTA;SECRETARIA MUNICIPAL DE SAUDE DE BERNARDINO BATISTA/PB
PB;250210;Sim;BOA VENTURA;SECRETARIA MUNICIPAL DE SAUDE BOA VENTURA/PB
PB;250215;Sim;BOA VISTA;SECRETARIA MUNICIPAL DE SAUDE DE BOA VISTA/PB
PB;250220;Sim;BOM JESUS;SECRETARIA MUNICIPAL DE SAUDE BOM JESUS/PB
PB;250230;Não;BOM SUCESSO;
PB;250240;Sim;BONITO DE SANTA FE;SECRETARIA MUNICIPAL DE SAUDE BONITO DE SANTA FE/PB
PB;250250;Sim;BOQUEIRAO;SECRETARIA MUNICIPAL DE SAUDE BOQUEIRAO/PB
PB;250260;Sim;IGARACY;SECRETARIA MUNICIPAL DE SAUDE DE IGARACY/PB
PB;250270;Não;BORBOREMA;
PB;250280;Sim;BREJO DO CRUZ;SECRETARIA MUNICIPAL DE SAUDE BREJO DO CRUZ/PB
PB;250290;Sim;BREJO DOS SANTOS;SECRETARIA MUNICIPAL DE SAUDE BREJO DOS SANTOS/PB
PB;250300;Sim;CAAPORA;SECRETARIA MUNICIPAL DE SAUDE CAAPORA/PB
PB;250310;Sim;CABACEIRAS;SECRETARIA MUNICIPAL DE SAUDE CABACEIRAS/PB
PB;250320;Sim;CABEDELO;SECRETARIA MUNICIPAL DE SAUDE CABEDELO - PB
PB;250330;Sim;CACHOEIRA DOS INDIOS;SECRETARIA MUNICIPAL DE SAUDE CACHOEIRA DOS INDIOS/PB
PB;250340;Não;CACIMBA DE AREIA;
PB;250350;Não;CACIMBA DE DENTRO;
PB;250355;Não;CACIMBAS;
PB;250360;Não;CAIÇARA;
PB;250370;Sim;CAJAZEIRAS;SECRETARIA MUNICIPAL DE SAUDE DE CAJAZEIRAS/PB
PB;250375;Não;CAJAZEIRINHAS;
PB;250380;Sim;CALDAS BRANDAO;SECRETARIA MUNICIPAL DE SAUDE CALDAS BRANDAO/PB
PB;250390;Sim;CAMALAU;SECRETARIA MUNICIPAL DE SAUDE CAMALAU/PB
PB;250400;Sim;CAMPINA GRANDE;SECRETARIA MUNICIPAL DE SAUDE DE CAMPINA GRANDE
PB;250403;Sim;CAPIM;SECRETARIA MUNICIPAL DE SAUDE DE CAPIM/PB
PB;250407;Não;CARAÚBAS;
PB;250410;Sim;CARRAPATEIRA;SECRETARIA MUNICIPAL DE SAUDE DE CARRAPATEIRA/PB
PB;250415;Não;CASSERENGUE;
PB;250420;Não;CATINGUEIRA;
PB;250430;Sim;CATOLE DO ROCHA;SECRETARIA MUNICIPAL DE SAUDE DE CATOLE DO ROCHA/PB
PB;250435;Sim;CATURITE;SECRETARIA MUNICIPAL DE SAUDE DE CATURITE/PB
PB;250440;Não;CONCEIÇÃO;
PB;250450;Sim;CONDADO;SECRETARIA MUNICIPAL DE SAUDE DE CONDADO-PB
PB;250460;Sim;CONDE;SECRETARIA MUNICIPAL DE SAUDE DE CONDE/PB
PB;250470;Sim;CONGO;SECRETARIA MUNICIPAL DE SAUDE DE CONGO/PB
PB;250480;Sim;COREMAS;SECRETARIA MUNICIPAL DE SAUDE DE COREMAS/PB
PB;250485;Sim;COXIXOLA;SECRETARIA MUNICIPAL DE SAUDE DE COXIXOLA/PB
PB;250490;Sim;CRUZ DO ESPIRITO SANTO;SECRETARIA MUNICIPAL DE SAUDE DE CRUZ DO ESPIRITO SANTO/PB
PB;250500;Sim;CUBATI;SECRETARIA MUNICIPAL DE SAUDE DE CUBATI/PB
PB;250510;Sim;CUITE;SECRETARIA MUNICIPAL DE SAUDE DE CUITE/PB
PB;250520;Sim;CUITEGI;SECRETARIA MUNICIPAL DE SAUDE DE CUITEGI/PB
PB;250523;Sim;CUITE DE MAMANGUAPE;SECRETARIA MUNICIPAL DE SAUDE DE CUITE MAMANGUAPE/PB
PB;250527;Sim;CURRAL DE CIMA;SECRETARIA MUNICIPAL DE SAUDE DE CURRAL DE CIMA/PB
PB;250530;Sim;CURRAL VELHO;SECRETARIA MUNICIPAL DE SAUDE DE CURRAL VELHO/PB
PB;250535;Sim;DAMIAO;SECRETARIA MUNICIPAL DE SAUDE DE DAMIAO/PB
PB;250540;Sim;DESTERRO;SECRETARIA MUNICIPAL DE SAUDE DE DESTERRO-PB
PB;250550;Sim;VISTA SERRANA;SECRETARIA MUNICIPAL DE SAUDE DE VISTA SERRANA/PB
PB;250560;Sim;DIAMANTE;SECRETARIA MUNICIPAL DE SAUDE DE DIAMANTE/PB
PB;250570;Sim;DONA INES;SECRETARIA MUNICIPAL DE SAUDE DE DONA INES/PB
PB;250580;Não;DUAS ESTRADAS;
PB;250590;Sim;EMAS;SECRETARIA MUNICIPAL DE SAUDE DE EMAS-PB
PB;250600;Sim;ESPERANCA;SECRETARIA MUNICIPAL DE SAUDE DE ESPERANCA/PB
PB;250610;Sim;FAGUNDES;SECRETARIA MUNICIPAL DE SAUDE DE  FAGUNDES/PB
PB;250620;Sim;FREI MARTINHO;SECRETARIA MUNICIPAL DE SAUDE DE FREI MARTINHO/PB
PB;250625;Sim;GADO BRAVO;SECRETARIA MUNICIPAL DE SAUDE DE GADO BRAVO/PB
PB;250630;Sim;GUARABIRA;SECRETARIA MUNICIPAL DE SAUDE DE GUARABIRA/PB
PB;250640;Sim;GURINHEM;SECRETARIA MUNICIPAL DE SAUDE DE GURINHEM/PB
PB;250650;Não;GURJÃO;
PB;250660;Sim;IBIARA;SECRETARIA MUNICIPAL DE SAUDE DE IBIARA/PB
PB;250670;Não;IMACULADA;
PB;250680;Sim;INGA;SECRETARIA MUNICIPAL DE SAUDE DE INGA/PB
PB;250690;Sim;ITABAIANA;SECRETARIA MUNICIPAL DE SAUDE DE ITABAIANA/PB
PB;250700;Sim;ITAPORANGA;SECRETARIA MUNICIPAL DE SAUDE DE ITAPORANGA/PB
PB;250710;Sim;ITAPOROROCA;SECRETARIA MUNICIPAL DE SAUDE DE ITAPOROROCA/PB
PB;250720;Sim;ITATUBA;SECRETARIA MUNICIPAL DE SAUDE DE ITATUBA/PB
PB;250730;Sim;JACARAU;SECRETARIA MUNICIPAL DE SAUDE DE JACARAU/PB
PB;250740;Sim;JERICO;SECRETARIA MUNICIPAL DE SAUDE DE JERICO/PB
PB;250750;Sim;JOAO PESSOA;SECRETARIA MUNICIPAL DE SAUDE DE JOAO PESSOA/PB
PB;250760;Sim;JUAREZ TAVORA;SECRETARIA MUNICIPAL DE SAUDE DE JUAREZ TAVORA/PB
PB;250770;Sim;JUAZEIRINHO;SECRETARIA MUNICIPAL DE SAUDE DE JUAZEIRINHO/PB
PB;250780;Sim;JUNCO DO SERIDO;SECRETARIA MUNICIPAL DE JUNCO DO SERIDO
PB;250790;Sim;JURIPIRANGA;SECRETARIA MUNICIPAL DE SAUDE DE JURIPIRANGA/PB
PB;250800;Sim;JURU;SECRETARIA MUNICIPAL DE SAUDE DE JURU/PB
PB;250810;Não;LAGOA;
PB;250820;Não;LAGOA DE DENTRO;
PB;250830;Sim;LAGOA SECA;SECRETARIA MUNICIPAL DE SAUDE DE LAGOA SECA/PB
PB;250840;Não;LASTRO;
PB;250850;Sim;LIVRAMENTO;SECRETARIA MUNICIPAL DE SAUDE DE LIVRAMENTO/PB
PB;250855;Não;LOGRADOURO;
PB;250860;Sim;LUCENA;SECRETARIA MUNICIPAL DE SAUDE DE LUCENA/PB
PB;250870;Não;MÃE D'ÁGUA;
PB;250880;Não;MALTA;
PB;250890;Sim;MAMANGUAPE;SECRETARIA MUNICIPAL DE SAUDE DE MAMANGUAPE/PB
PB;250900;Sim;MANAIRA;SECRETARIA MUNICIPAL DE SAUDE DE MANAIRA/PB 
PB;250905;Sim;MARCACAO;SECRETARIA MUNICIPAL DE SAUDE DE MARCACAO/PB
PB;250910;Sim;MARI;SECRETARIA MUNICIPAL DE SAUDE DE MARI/PB
PB;250915;Sim;MARIZOPOLIS;SECRETARIA MUNICIPAL DE SAUDE DE MARIZOPOLIS - PARAIBA/PB
PB;250920;Sim;MASSARANDUBA;SECRETARIA MUNICIPAL DE SAUDE DE MASSARANDUBA/PB
PB;250930;Não;MATARACA;
PB;250933;Sim;MATINHAS;SECRETARIA MUNICIPAL DE SAUDE DE MATINHAS/PB
PB;250937;Sim;MATO GROSSO;SECRETARIA MUNICIPAL DE SAUDE DE MATO GROSSO/PB
PB;250939;Sim;MATUREIA;SECRETARIA MUNICIPAL DE SAUDE DE MATUREIA
PB;250940;Sim;MOGEIRO;SECRETARIA MUNICIPAL DE SAUDE DE MOGEIRO/PB
PB;250950;Sim;MONTADAS;SECRETARIA MUNICIPAL DE SAUDE DE MONTADAS/PB
PB;250960;Não;MONTE HOREBE;
PB;250970;Sim;MONTEIRO;SECRETARIA MUNICIPAL DE SAUDE DE MONTEIRO/PB
PB;250980;Não;MULUNGU;
PB;250990;Sim;NATUBA;SECRETARIA MUNICIPAL DE SAUDE DE NATUBA/PB
PB;251000;Não;NAZAREZINHO;
PB;251010;Sim;NOVA FLORESTA;SECRETARIA MUNICIPAL DE SAUDE DE NOVA FLORESTA/PB
PB;251020;Sim;NOVA OLINDA;SECRETARIA MUNICIPAL DE SAUDE DE NOVA OLINDA/PB
PB;251030;Sim;NOVA PALMEIRA;SECRETARIA MUNICIPAL DE SAUDE DE NOVA PALMEIRA/PB
PB;251040;Sim;OLHO D'AGUA;SECRETARIA MUNICIPAL DE SAUDE DE OLHO DAGUA/PB
PB;251050;Sim;OLIVEDOS;SECRETARIA MUNICIPAL DE SAUDE DE OLIVEDOS/PB
PB;251060;Não;OURO VELHO;
PB;251065;Sim;PARARI;SECRETARIA MUNICIPAL DE SAUDE DE PARARI/PB
PB;251070;Sim;PASSAGEM;SECRETARIA MUNICIPAL DE SAUDE DE PASSAGEM
PB;251080;Sim;PATOS;SECRETARIA MUNICIPAL DE SAUDE DE PATOS/PB
PB;251090;Não;PAULISTA;
PB;251100;Sim;PEDRA BRANCA;SECRETARIA MUNICIPAL DE SAUDE DE PEDRA BRANCA/PB
PB;251110;Sim;PEDRA LAVRADA;SECRETARIA MUNICIPAL DE SAUDE DE PEDRA LAVRADA/PB
PB;251120;Sim;PEDRAS DE FOGO;SECRETARIA MUNICIPAL DE SAUDE DE PEDRAS DE FOGO/PB
PB;251130;Sim;PIANCO;SECRETARIA MUNICIPAL DE SAUDE DE PIANCO/PB
PB;251140;Sim;PICUI;SECRETARIA MUNICIPAL DE SAUDE DE PICUI/PB
PB;251150;Sim;PILAR;SECRETARIA MUNICIPAL DE SAUDE DE PILAR/PB
PB;251160;Não;PILÕES;
PB;251170;Não;PILÕEZINHOS;
PB;251180;Não;PIRPIRITUBA;
PB;251190;Sim;PITIMBU;SECRETARIA MUNICIPAL DE SAUDE DE PITIMBU/PB
PB;251200;Sim;POCINHOS;SECRETARIA MUNICIPAL DE SAUDE DE POCINHOS/PB
PB;251203;Sim;POCO DANTAS;SECRETARIA MUNICIPAL DE SAUDE DE POCO DANTAS/PB
PB;251207;Sim;POCO DE JOSE DE MOURA;SECRETARIA MUNICIPAL DE SAUDE DE POCO JOSE DE MOURA/PB
PB;251210;Não;POMBAL;
PB;251220;Sim;PRATA;SECRETARIA MUNICIPAL DE SAUDE DE PRATA/PB
PB;251230;Sim;PRINCESA ISABEL;SECRETARIA MUNICIPAL DE SAUDE DE PRINCESA ISABEL
PB;251240;Sim;PUXINANA;SECRETARIA MUNICIPAL DE SAUDE DE PUXINANA/PB
PB;251250;Sim;QUEIMADAS;SECRETARIA MUNICIPAL DE SAUDE DE QUEIMADAS/PB
PB;251260;Sim;QUIXABA;SECRETARIA MUNICIPAL DE SAUDE DE QUIXABA
PB;251270;Sim;REMIGIO;SECRETARIA MUNICIPAL DE SAUDE DE REMIGIO/PB
PB;251272;Sim;PEDRO REGIS;SECRETARIA MUNICIPAL DE SAUDE DE PEDRO REGIS/PB
PB;251274;Sim;RIACHAO;SECRETARIA MUNICIPAL DE SAUDE DE RIACHAO/PB
PB;251275;Sim;RIACHAO DO BACAMARTE;SECRETARIA MUNICIPAL DE SAUDE DE RIACHAO DO BACAMARTE/PB
PB;251276;Não;RIACHÃO DO POÇO;
PB;251278;Não;RIACHO DE SANTO ANTÔNIO;
PB;251280;Sim;RIACHO DOS CAVALOS;SECRETARIA MUNICIPAL DE SAUDE DE RIACHO DOS CAVALOS/PB
PB;251290;Não;RIO TINTO;
PB;251300;Sim;SALGADINHO;SECRETARIA MUNICIPAL DE SAUDE DE SALGADINHO
PB;251310;Sim;SALGADO DE SAO FELIX;SECRETARIA MUNICIPAL DE SAUDE DE SALGADO DE SAO FELIX/PB
PB;251315;Sim;SANTA CECILIA;SECRETARIA MUNICIPAL DE SAUDE DE SANTA CECILIA DE UMBUNZEIRO/PB
PB;251320;Sim;SANTA CRUZ;SECRETARIA MUNICIPAL DE SAUDE DE SANTA CRUZ - PARAIBA/PB
PB;251330;Sim;SANTA HELENA;SECRETARIA MUNICIPAL DE SAUDE DE SANTA HELENA/PB
PB;251335;Sim;SANTA INES;SECRETARIA MUNICIPAL DE SAUDE DE SANTA INES/PB
PB;251340;Sim;SANTA LUZIA;SECRETARIA MUNICIPAL DE SAUDE DE SANTA LUZIA
PB;251350;Sim;SANTANA DE MANGUEIRA;SECRETARIA MUNICIPAL DE SAUDE DE SANTANA DE MANGUEIRA/PB
PB;251360;Sim;SANTANA DOS GARROTES;SECRETARIA MUNICIPAL DE SAUDE DE SANTANA DOS GARROTES/PB
PB;251365;Sim;JOCA CLAUDINO;SECRETARIA MUNICIPAL DE SAUDE DE SANTAREM/PB
PB;251370;Sim;SANTA RITA;SECRETARIA MUNICIPAL DE SAUDE DE SANTA RITA/PB 
PB;251380;Sim;SANTA TERESINHA;SECRETARIA MUNICIPAL DE SAUDE DE SANTA TERESINHA
PB;251385;Sim;SANTO ANDRE;SECRETARIA MUNICIPAL DE SAUDE DE SANTO ANDRE/PB
PB;251390;Sim;SAO BENTO;SECRETARIA MUNICIPAL DE SAUDE DE SAO BENTO/PB
PB;251392;Não;SÃO BENTINHO;
PB;251394;Sim;SAO DOMINGOS DO CARIRI;SECRETARIA MUNICIPAL DE SAUDE DE SAO DOMINGOS DO CARIRI/PB
PB;251396;Não;SÃO DOMINGOS;
PB;251398;Sim;SAO FRANCISCO;SECRETARIA MUNICIPAL DE SAUDE DE SAO FRANCISCO - PARAIBA/PB
PB;251400;Não;SÃO JOÃO DO CARIRI;
PB;251410;Sim;SAO JOAO DO TIGRE;SECRETARIA MUNICIPAL DE SAUDE DE SAO JOAO DO TIGRE/PB
PB;251420;Não;SÃO JOSÉ DA LAGOA TAPADA;
PB;251430;Sim;SAO JOSE DE CAIANA;SECRETARIA MUNICIPAL DE SAUDE DE SAO JOSE DE CAIANA/PB
PB;251440;Sim;SAO JOSE DE ESPINHARAS;SECRETARIA MUNICIPAL DE SAUDE DE SAO JOSE DE ESPINHARAS
PB;251445;Sim;SAO JOSE DOS RAMOS;SECRETARIA MUNICIPAL DE SAUDE DE SAO JOSE DOS RAMOS/PB
PB;251450;Sim;SAO JOSE DE PIRANHAS;SECRETARIA MUNICIPAL DE SAUDE DE SAO JOSE DE PIRANHAS/PB
PB;251455;Sim;SAO JOSE DE PRINCESA;SECRETARIA MUNICIPAL DE SAUDE DE SAO JOSE DE PRINCESA/PB
PB;251460;Sim;SAO JOSE DO BONFIM;SECRETARIA MUNICIPAL DE SAUDE DE SAO JOSE DO BONFIM
PB;251465;Sim;SAO JOSE DO BREJO DO CRUZ;SECRETARIA MUNICIPAL DE SAUDE DE SAO JOSE DO BREJO DO CRUZ/PB
PB;251470;Não;SÃO JOSÉ DO SABUGI;
PB;251480;Não;SÃO JOSÉ DOS CORDEIROS;
PB;251490;Sim;SAO MAMEDE;SECRETARIA MUNICIPAL DE SAUDE DE SAO MAMEDE
PB;251500;Sim;SAO MIGUEL DE TAIPU;SECRETARIA MUNICIPAL DE SAUDE DE SAO MIGUEL DE TAIPU/PB
PB;251510;Sim;SAO SEBASTIAO DE LAGOA DE ROCA;SECRETARIA MUNICIPAL DE SAUDE DE SAO SEBASTIAO DE LAGOA DA ROCA/PB
PB;251520;Sim;SAO SEBASTIAO DO UMBUZEIRO;SECRETARIA MUNICIPAL DE SAUDE DE SAO SEBASTIAO DO UMBUNZEIRO/PB
PB;251530;Sim;SAPE;SECRETARIA MUNICIPAL DE SAUDE DE SAPE/PB
PB;251540;Sim;SAO VICENTE DO SERIDO;SECRETARIA MUNICIPAL DE SAUDE SAO VICENTE DO SERIDO/PB
PB;251550;Não;SERRA BRANCA;
PB;251560;Sim;SERRA DA RAIZ;SECRETARIA MUNICIPAL DE SAUDE DE SERRA DA RAIZ/PB
PB;251570;Sim;SERRA GRANDE;SECRETARIA MUNICIPAL DE SAUDE DE SERRA GRANDE/PB
PB;251580;Não;SERRA REDONDA;
PB;251590;Sim;SERRARIA;SECRETARIA MUNICIPAL DE SAUDE DE SERRARIA/PB
PB;251593;Sim;SERTAOZINHO;SECRETARIA MUNICIPAL DE SAUDE DE SERTAOZINHO/PB
PB;251597;Sim;SOBRADO;SECRETARIA MUNICIPAL DE SAUDE DE SOBRADO/PB
PB;251600;Não;SOLÂNEA;
PB;251610;Sim;SOLEDADE;SECRETARIA MUNICIPAL DE SAUDE DE SOLEDADE/PB
PB;251615;Sim;SOSSEGO;SECRETARIA MUNICIPAL DE SAUDE DE SOSSEGO/PB
PB;251620;Sim;SOUSA;SECRETARIA MUNICIPAL DE SAUDE DE SOUSA - PARAIBA/PB
PB;251630;Sim;SUME;SECRETARIA MUNICIPAL DE SAUDE DE SUME/PB
PB;251640;Sim;TACIMA;SECRETARIA MUNICIPAL DE SAUDE DE TACIMA/PB
PB;251650;Sim;TAPEROA;SECRETARIA MUNICIPAL DE SAUDE DE TAPEROA/PB
PB;251660;Sim;TAVARES;SECRETARIA MUNICIPAL DE SAUDE DE TAVARES/PB
PB;251670;Sim;TEIXEIRA;SECRETARIA MUNICIPAL DE SAUDE DE TEIXEIRA
PB;251675;Não;TENÓRIO;
PB;251680;Sim;TRIUNFO;SECRETARIA MUNICIPAL DE SAUDE DE TRIUNFO/PB
PB;251690;Sim;UIRAUNA;SECRETARIA MUNICIPAL DE SAUDE DE UIRAUNA/PB
PB;251700;Sim;UMBUZEIRO;SECRETARIA MUNICIPAL DE SAUDE DE UMBUZEIRO
PB;251710;Sim;VARZEA;SECRETARIA MUNICIPAL DE SAUDE DE VARZEA
PB;251720;Não;VIEIRÓPOLIS;
PB;251740;Não;ZABELÊ;
PE;260005;Não;ABREU E LIMA;
PE;260010;Não;AFOGADOS DA INGAZEIRA;
PE;260020;Sim;AFRANIO;SECRETARIA MUNICIPAL DE SAUDE DE AFRANIO/PE
PE;260030;Sim;AGRESTINA;SECRETARIA MUNICIPAL DE SAUDE DE AGRESTINA/PE
PE;260040;Não;ÁGUA PRETA;
PE;260050;Sim;AGUAS BELAS;SECRETARIA MUNICIPAL DE SAUDE DE AGUAS BELAS/PE
PE;260060;Sim;ALAGOINHA;SECRETARIA MUNICIPAL DE SAUDE DE ALAGOINHA/PE
PE;260070;Sim;ALIANCA;SECRETARIA MUNICIPAL DE SAUDE DE ALIANCA/PE
PE;260080;Sim;ALTINHO;SECRETARIA MUNICIPAL DE SAUDE DE ALTINHO/PE
PE;260090;Não;AMARAJI;
PE;260100;Não;ANGELIM;
PE;260105;Sim;ARACOIABA;SECRETARIA MUNICIPAL DE SAUDE DE ARACOIABA/PE
PE;260110;Sim;ARARIPINA;SECRETARIA MUNICIPAL DE SAUDE DE ARARIPINA/PE
PE;260120;Sim;ARCOVERDE;SECRETARIA MUNICIPAL DE SAUDE DE ARCOVERDE/PE
PE;260130;Sim;BARRA DE GUABIRABA;SECRETARIA MUNICIPAL DE SAUDE DE BARRA DE GUABIRABA/PE
PE;260140;Não;BARREIROS;
PE;260150;Não;BELÉM DE MARIA;
PE;260160;Sim;BELEM DE SAO FRANCISCO;SECRETARIA MUNICIPAL DE SAUDE DE BELEM DE SAO FRANCISCO/PE
PE;260170;Sim;BELO JARDIM;SECRETARIA MUNICIPAL DE SAUDE DE BELO JARDIM/PE
PE;260180;Sim;BETANIA;SECRETARIA MUNICIPAL DE SAUDE DE BETANIA/PE
PE;260190;Sim;BEZERROS;SECRETARIA MUNICIPAL DE SAUDE DE BEZERROS/PE
PE;260200;Sim;BODOCO;SECRETARIA MUNICIPAL DE SAUDE DE BODOCO/PE
PE;260210;Não;BOM CONSELHO;
PE;260220;Sim;BOM JARDIM;SECRETARIA MUNICIPAL DE SAUDE DE BOM JARDIM/PE
PE;260230;Sim;BONITO;SECRETARIA MUNICIPAL DE SAUDE DE BONITO/PE
PE;260240;Não;BREJÃO;
PE;260250;Não;BREJINHO;
PE;260260;Sim;BREJO DA MADRE DE DEUS;SECRETARIA MUNICIPAL DE SAUDE DE BREJO DE MADRE DE DEUS/PE
PE;260270;Sim;BUENOS AIRES;SECRETARIA MUNICIPAL DE SAUDE DE BUENOS AIRES/PE
PE;260280;Sim;BUIQUE;SECRETARIA MUNICIPAL DE SAUDE DE BUIQUE/PE
PE;260290;Sim;CABO DE SANTO AGOSTINHO;SECRETARIA MUNICIPAL DE SAUDE DE CABO/PE
PE;260300;Sim;CABROBO;SECRETARIA MUNICIPAL DE SAUDE DE CABROBO/PE
PE;260310;Sim;CACHOEIRINHA;SECRETARIA MUNICIPAL DE SAUDE DE CACHOEIRINHA/PE
PE;260320;Sim;CAETES;SECRETARIA MUNICIPAL DE SAUDE DE CAETES/PE
PE;260330;Sim;CALCADO;SECRETARIA MUNICIPAL DE SAUDE DE CALCADO/PE
PE;260340;Sim;CALUMBI;SECRETARIA MUNICIPAL DE SAUDE DE CALUMBI/PE
PE;260345;Não;CAMARAGIBE;
PE;260350;Não;CAMOCIM DE SÃO FÉLIX;
PE;260360;Sim;CAMUTANGA;SECRETARIA MUNICIPAL DE SAUDE DE CAMUTANGA/PE
PE;260370;Sim;CANHOTINHO;SECRETARIA MUNICIPAL DE SAUDE DE CANHOTINHO/PE
PE;260380;Não;CAPOEIRAS;
PE;260390;Não;CARNAÍBA;
PE;260392;Sim;CARNAUBEIRA DA PENHA;SECRETARIA MUNICIPAL DE SAUDE DE CARNAUBEIRA DA PENHA/PE
PE;260400;Sim;CARPINA;SECRETARIA MUNICIPAL DE SAUDE DE CARPINA/PE
PE;260410;Sim;CARUARU;SECRETARIA MUNICIPAL DE SAUDE DE CARUARU/PE
PE;260415;Sim;CASINHAS;SECRETARIA MUNICIPAL DE SAUDE DE CASINHAS/PE
PE;260420;Não;CATENDE;
PE;260430;Sim;CEDRO;SECRETARIA MUNICIPAL DE SAUDE DE CEDRO/PE
PE;260440;Não;CHÃ DE ALEGRIA;
PE;260450;Não;CHÃ GRANDE;
PE;260460;Sim;CONDADO;SECRETARIA MUNICIPAL DE SAUDE DE CONDADO/PE
PE;260470;Não;CORRENTES;
PE;260480;Não;CORTÊS;
PE;260490;Sim;CUMARU;SECRETARIA MUNICIPAL DE SAUDE DE CUMARU/PE
PE;260500;Não;CUPIRA;
PE;260510;Sim;CUSTODIA;SECRETARIA MUNICIPAL DE SAUDE DE CUSTODIA/PE
PE;260515;Sim;DORMENTES;SECRETARIA MUNICIPAL DE SAUDE DE DORMENTES/PE
PE;260520;Não;ESCADA;
PE;260530;Sim;EXU;SECRETARIA MUNICIPAL DE SAUDE DE EXU/PE
PE;260540;Sim;FEIRA NOVA;SECRETARIA MUNICIPAL DE SAUDE DE FEIRA NOVA/PE
PE;260545;Não;FERNANDO DE NORONHA;
PE;260550;Sim;FERREIROS;SECRETARIA MUNICIPAL DE SAUDE DE FERREIROS/PE
PE;260560;Sim;FLORES;SECRETARIA MUNICIPAL DE SAUDE DE FLORES/PE
PE;260570;Sim;FLORESTA;SECRETARIA MUNICIPAL DE SAUDE DE FLORESTA/PE
PE;260580;Sim;FREI MIGUELINHO;SECRETARIA MUNICIPAL DE SAUDE DE FREI MIGUELINHO/PE
PE;260590;Não;GAMELEIRA;
PE;260600;Não;GARANHUNS;
PE;260610;Sim;GLORIA DO GOITA;SECRETARIA MUNICIPAL DE SAUDE DE GLORIA DO GOITA/PE
PE;260620;Sim;GOIANA;SECRETARIA MUNICIPAL DE SAUDE DE GOIANA/PE
PE;260630;Sim;GRANITO;SECRETARIA MUNICIPAL DE SAUDE DE GRANITO/PE
PE;260640;Sim;GRAVATA;SECRETARIA MUNICIPAL DE SAUDE DE GRAVATA/PE
PE;260650;Sim;IATI;SECRETARIA MUNICIPAL DE SAUDE DE IATI/PE
PE;260660;Sim;IBIMIRIM;SECRETARIA MUNICIPAL DE SAUDE DE IBIMIRIM/PE
PE;260670;Não;IBIRAJUBA;
PE;260680;Sim;IGARASSU;SECRETARIA MUNICIPAL DE SAUDE DE IGARASSU/PE
PE;260690;Não;IGUARACI;
PE;260700;Sim;INAJA;SECRETARIA MUNICIPAL DE SAUDE DE INAJA/PE
PE;260710;Não;INGAZEIRA;
PE;260720;Não;IPOJUCA;
PE;260730;Sim;IPUBI;SECRETARIA MUNICIPAL DE SAUDE DE IPUBI/PE
PE;260740;Sim;ITACURUBA;SECRETARIA MUNICIPAL DE SAUDE DE ITACURUBA/PE
PE;260750;Não;ITAÍBA;
PE;260760;Não;ILHA DE ITAMARACÁ;
PE;260765;Sim;ITAMBE;SECRETARIA MUNICIPAL DE SAUDE DE ITAMBE/PE
PE;260770;Não;ITAPETIM;
PE;260775;Sim;ITAPISSUMA;SECRETARIA MUNICIPAL DE SAUDE DE ITAPISSUNA/PE
PE;260780;Sim;ITAQUITINGA;SECRETARIA MUNICIPAL DE SAUDE DE ITAQUITINGA/PE
PE;260790;Sim;JABOATAO DOS GUARARAPES;SECRETARIA MUNICIPAL DE SAUDE DE JABOATAO DOS GUARARAPES/PE
PE;260795;Não;JAQUEIRA;
PE;260800;Sim;JATAUBA;SECRETARIA MUNICIPAL DE SAUDE DE JATAUBA/PE
PE;260805;Sim;JATOBA;SECRETARIA MUNICIPAL DE SAUDE DE JATOBA/PE
PE;260810;Sim;JOAO ALFREDO;SECRETARIA MUNICIPAL DE SAUDE DE JOAO ALFREDO/PE
PE;260820;Não;JOAQUIM NABUCO;
PE;260825;Sim;JUCATI;SECRETARIA MUNICIPAL DE SAUDE DE JUCATI/PE
PE;260830;Sim;JUPI;SECRETARIA MUNICIPAL DE SAUDE DE JUPI/PE
PE;260840;Sim;JUREMA;SECRETARIA MUNICIPAL DE SAUDE DE JUREMA/PE
PE;260845;Sim;LAGOA DO CARRO;SECRETARIA MUNICIPAL DE SAUDE DE LAGOA DO CARRO/PE
PE;260850;Sim;LAGOA DE ITAENGA;SECRETARIA MUNICIPAL DE SAUDE DE LAGOA DO ITAENGA/PE
PE;260860;Sim;LAGOA DO OURO;SECRETARIA MUNICIPAL DE SAUDE DE LAGOA DO OURO/PE
PE;260870;Não;LAGOA DOS GATOS;
PE;260875;Sim;LAGOA GRANDE;SECRETARIA MUNICIPAL DE SAUDE DE LAGOA GRANDE/PE
PE;260880;Sim;LAJEDO;SECRETARIA MUNICIPAL DE SAUDE DE LAJEDO/PE
PE;260890;Sim;LIMOEIRO;SECRETARIA MUNICIPAL DE SAUDE DE LIMOEIRO/PE
PE;260900;Sim;MACAPARANA;SECRETARIA MUNICIPAL DE SAUDE DE MACAPARANA/PE
PE;260910;Sim;MACHADOS;SECRETARIA MUNICIPAL DE SAUDE DE MACHADOS/PE
PE;260915;Sim;MANARI;SECRETARIA MUNICIPAL DE SAUDE DE MANARI/PE
PE;260920;Não;MARAIAL;
PE;260930;Sim;MIRANDIBA;SECRETARIA MUNICIPAL DE SAUDE DE MIRANDIBA/PE
PE;260940;Sim;MORENO;SECRETARIA MUNICIPAL DE SAUDE DE MORENO/PE
PE;260950;Sim;NAZARE DA MATA;SECRETARIA MUNICIPAL DE SAUDE DE NAZARE DA MATA/PE
PE;260960;Sim;OLINDA;SECRETARIA MUNICIPAL DE SAUDE DE OLINDA/PE
PE;260970;Sim;OROBO;SECRETARIA MUNICIPAL DE SAUDE DE OROBO/PE
PE;260980;Sim;OROCO;SECRETARIA MUNICIPAL DE SAUDE DE OROCO/PE
PE;260990;Sim;OURICURI;SECRETARIA MUNICIPAL DE SAUDE DE OURICURI/PE
PE;261000;Não;PALMARES;
PE;261010;Não;PALMEIRINA;
PE;261020;Sim;PANELAS;SECRETARIA MUNICIPAL DE SAUDE DE PANELAS/PE
PE;261030;Sim;PARANATAMA;SECRETARIA MUNICIPAL DE SAUDE DE PARANATAMA/PE
PE;261040;Sim;PARNAMIRIM;SECRETARIA MUNICIPAL DE SAUDE DE PARNAMIRIM/PE
PE;261050;Sim;PASSIRA;SECRETARIA MUNICIPAL DE SAUDE DE PASSIRA/PE
PE;261060;Sim;PAUDALHO;SECRETARIA MUNICIPAL DE SAUDE DE PAUDALHO/PE
PE;261070;Não;PAULISTA;
PE;261080;Sim;PEDRA;SECRETARIA MUNICIPAL DE SAUDE DE PEDRA/PE
PE;261090;Sim;PESQUEIRA;SECRETARIA MUNICIPAL DE SAUDE DE PESQUEIRA/PE
PE;261100;Sim;PETROLANDIA;SECRETARIA MUNICIPAL DE SAUDE DE PETROLANDIA/PE
PE;261110;Sim;PETROLINA;SECRETARIA MUNICIPAL DE SAUDE DE PETROLINA/PE
PE;261120;Não;POÇÃO;
PE;261130;Sim;POMBOS;SECRETARIA MUNICIPAL DE SAUDE DE POMBOS/PE
PE;261140;Não;PRIMAVERA;
PE;261150;Não;QUIPAPÁ;
PE;261153;Não;QUIXABA;
PE;261160;Sim;RECIFE;SECRETARIA MUNICIPAL DE SAUDE DE RECIFE/PE
PE;261170;Sim;RIACHO DAS ALMAS;SECRETARIA MUNICIPAL DE SAUDE DE RIACHO DAS ALMAS/PE
PE;261180;Não;RIBEIRÃO;
PE;261190;Não;RIO FORMOSO;
PE;261200;Não;SAIRÉ;
PE;261210;Sim;SALGADINHO;SECRETARIA MUNICIPAL DE SAUDE DE SALGADINHO/PE
PE;261220;Sim;SALGUEIRO;SECRETARIA MUNICIPAL DE SAUDE DE SALGUEIRO/PE
PE;261230;Sim;SALOA;SECRETARIA MUNICIPAL DE SAUDE DE SALOA/PE
PE;261240;Sim;SANHARO;SECRETARIA MUNICIPAL DE SAUDE DE SANHARO/PE
PE;261245;Sim;SANTA CRUZ;SECRETARIA MUNICIPAL DE SAUDE DE SANTA CRUZ/PE
PE;261247;Sim;SANTA CRUZ DA BAIXA VERDE;SECRETARIA MUNICIPAL DE SAUDE DE SANTA CRUZ DA BAIXA VERDE/PE
PE;261250;Sim;SANTA CRUZ DO CAPIBARIBE;SECRETARIA MUNICIPAL DE SAUDE DE SANTA CRUZ DO CAPIBARIBE/PE
PE;261255;Sim;SANTA FILOMENA;SECRETARIA MUNICIPAL DE SAUDE DE SANTA FILOMENA/PE
PE;261260;Sim;SANTA MARIA DA BOA VISTA;SECRETARIA MUNICIPAL DE SAUDE DE SANTA MARIA DA BOA VISTA/PE
PE;261270;Sim;SANTA MARIA DO CAMBUCA;SECRETARIA MUNICIPAL DE SAUDE DE SANTA MARIA DO CAMBUCA/PE
PE;261280;Não;SANTA TEREZINHA;
PE;261290;Não;SÃO BENEDITO DO SUL;
PE;261300;Não;SÃO BENTO DO UNA;
PE;261310;Sim;SAO CAITANO;SECRETARIA MUNICIPAL DE SAUDE DE SAO CAETANO/PE
PE;261320;Não;SÃO JOÃO;
PE;261330;Não;SÃO JOAQUIM DO MONTE;
PE;261340;Não;SÃO JOSÉ DA COROA GRANDE;
PE;261350;Sim;SAO JOSE DO BELMONTE;SECRETARIA MUNICIPAL DE SAUDE DE SAO JOSE DO BELMONTE/PE
PE;261360;Não;SÃO JOSÉ DO EGITO;
PE;261370;Sim;SAO LOURENCO DA MATA;SECRETARIA MUNICIPAL DE SAUDE DE SAO LOURENCO DA MATA/PE
PE;261380;Sim;SAO VICENTE FERRER;SECRETARIA MUNICIPAL DE SAUDE DE SAO VICENTE FERRER/PE
PE;261390;Não;SERRA TALHADA;
PE;261400;Sim;SERRITA;SECRETARIA MUNICIPAL DE SAUDE DE SERRITA/PE
PE;261410;Sim;SERTANIA;SECRETARIA MUNICIPAL DE SAUDE DE SERTANIA/PE
PE;261420;Não;SIRINHAÉM;
PE;261430;Sim;MOREILANDIA;SECRETARIA MUNICIPAL DE SAUDE DE MOREILANDIA/PE
PE;261440;Não;SOLIDÃO;
PE;261450;Sim;SURUBIM;SECRETARIA MUNICIPAL DE SAUDE DE SURUBIM/PE
PE;261460;Não;TABIRA;
PE;261470;Sim;TACAIMBO;SECRETARIA MUNICIPAL DE SAUDE DE TACAIMBO/PE
PE;261480;Sim;TACARATU;SECRETARIA MUNICIPAL DE SAUDE DE TACARATU/PE
PE;261485;Não;TAMANDARÉ;
PE;261500;Sim;TAQUARITINGA DO NORTE;SECRETARIA MUNICIPAL DE SAUDE DE TAQUARITINGA DO NORTE/PE
PE;261510;Não;TEREZINHA;
PE;261520;Sim;TERRA NOVA;SECRETARIA MUNICIPAL DE SAUDE DE TERRA NOVA/PE
PE;261530;Sim;TIMBAUBA;SECRETARIA MUNICIPAL DE SAUDE DE TIMBAUBA/PE
PE;261540;Não;TORITAMA;
PE;261550;Sim;TRACUNHAEM;SECRETARIA MUNICIPAL DE SAUDE DE TRACUNHAEM/PE
PE;261560;Sim;TRINDADE;SECRETARIA MUNICIPAL DE SAUDE DE TRINDADE/PE
PE;261570;Sim;TRIUNFO;SECRETARIA MUNICIPAL DE SAUDE DE TRIUNFO/PE
PE;261580;Sim;TUPANATINGA;SECRETARIA MUNICIPAL DE SAUDE DE TUPANATINGA/PE
PE;261590;Não;TUPARETAMA;
PE;261600;Sim;VENTUROSA;SECRETARIA MUNICIPAL DE SAUDE DE VENTUROSA/PE
PE;261610;Sim;VERDEJANTE;SECRETARIA MUNICIPAL DE SAUDE DE VERDEJANTE/PE
PE;261618;Sim;VERTENTE DO LERIO;SECRETARIA MUNICIPAL DE SAUDE DE VERTENTE DO LERIO/PE
PE;261620;Sim;VERTENTES;SECRETARIA MUNICIPAL DE SAUDE DE VERTENTES/PE
PE;261630;Sim;VICENCIA;SECRETARIA MUNICIPAL DE SAUDE DE VICENCIA/PE
PE;261640;Sim;VITORIA DE SANTO ANTAO;SECRETARIA MUNICIPAL DE SAUDE DE VITORIA DE SANTO ANTAO/PE
PE;261650;Não;XEXÉU;
PI;220005;Não;ACAUÃ;
PI;220010;Não;AGRICOLÂNDIA;
PI;220020;Não;ÁGUA BRANCA;
PI;220025;Não;ALAGOINHA DO PIAUÍ;
PI;220027;Não;ALEGRETE DO PIAUÍ;
PI;220030;Não;ALTO LONGÁ;
PI;220040;Não;ALTOS;
PI;220045;Não;ALVORADA DO GURGUÉIA;
PI;220050;Não;AMARANTE;
PI;220060;Não;ANGICAL DO PIAUÍ;
PI;220070;Não;ANÍSIO DE ABREU;
PI;220080;Não;ANTÔNIO ALMEIDA;
PI;220090;Não;AROAZES;
PI;220095;Não;AROEIRAS DO ITAIM;
PI;220100;Não;ARRAIAL;
PI;220105;Não;ASSUNÇÃO DO PIAUÍ;
PI;220110;Não;AVELINO LOPES;
PI;220115;Não;BAIXA GRANDE DO RIBEIRO;
PI;220117;Não;BARRA D'ALCÂNTARA;
PI;220120;Sim;BARRAS;SECRETARIA MUNICIPAL DE SAUDE DE BARRAS/PI
PI;220130;Não;BARREIRAS DO PIAUÍ;
PI;220140;Não;BARRO DURO;
PI;220150;Não;BATALHA;
PI;220155;Não;BELA VISTA DO PIAUÍ;
PI;220157;Não;BELÉM DO PIAUÍ;
PI;220160;Não;BENEDITINOS;
PI;220170;Não;BERTOLÍNIA;
PI;220173;Não;BETÂNIA DO PIAUÍ;
PI;220177;Não;BOA HORA;
PI;220180;Não;BOCAINA;
PI;220190;Sim;BOM JESUS;SECRETARIA MUNICIPAL DE SAUDE DE BOM JESUS/PI
PI;220191;Não;BOM PRINCÍPIO DO PIAUÍ;
PI;220192;Não;BONFIM DO PIAUÍ;
PI;220194;Não;BOQUEIRÃO DO PIAUÍ;
PI;220196;Não;BRASILEIRA;
PI;220198;Não;BREJO DO PIAUÍ;
PI;220200;Não;BURITI DOS LOPES;
PI;220202;Não;BURITI DOS MONTES;
PI;220205;Não;CABECEIRAS DO PIAUÍ;
PI;220207;Não;CAJAZEIRAS DO PIAUÍ;
PI;220208;Não;CAJUEIRO DA PRAIA;
PI;220209;Sim;CALDEIRAO GRANDE DO PIAUI;SECRETARIA MUNICIPAL DE SAUDE DE CALDEIRAO GRANDE DO PIAUI/PI
PI;220210;Não;CAMPINAS DO PIAUÍ;
PI;220211;Não;CAMPO ALEGRE DO FIDALGO;
PI;220213;Não;CAMPO GRANDE DO PIAUÍ;
PI;220217;Não;CAMPO LARGO DO PIAUÍ;
PI;220220;Não;CAMPO MAIOR;
PI;220225;Não;CANAVIEIRA;
PI;220230;Não;CANTO DO BURITI;
PI;220240;Não;CAPITÃO DE CAMPOS;
PI;220245;Não;CAPITÃO GERVÁSIO OLIVEIRA;
PI;220250;Não;CARACOL;
PI;220253;Não;CARAÚBAS DO PIAUÍ;
PI;220255;Não;CARIDADE DO PIAUÍ;
PI;220260;Não;CASTELO DO PIAUÍ;
PI;220265;Não;CAXINGÓ;
PI;220270;Não;COCAL;
PI;220271;Não;COCAL DE TELHA;
PI;220272;Não;COCAL DOS ALVES;
PI;220273;Não;COIVARAS;
PI;220275;Sim;COLONIA DO GURGUEIA;SECRETARIA MUNICIPAL DE SAUDE DE COLONIA DO GURGUEIA/PI
PI;220277;Não;COLÔNIA DO PIAUÍ;
PI;220280;Não;CONCEIÇÃO DO CANINDÉ;
PI;220285;Não;CORONEL JOSÉ DIAS;
PI;220290;Sim;CORRENTE;SECRETARIA MUNICIPAL DE SAUDE DE CORRENTE/PI
PI;220300;Não;CRISTALÂNDIA DO PIAUÍ;
PI;220310;Não;CRISTINO CASTRO;
PI;220320;Não;CURIMATÁ;
PI;220323;Sim;CURRAIS;SECRETARIA MUNICIPAL DE SAUDE DE CURRAIS/PI
PI;220325;Não;CURRALINHOS;
PI;220327;Não;CURRAL NOVO DO PIAUÍ;
PI;220330;Não;DEMERVAL LOBÃO;
PI;220335;Não;DIRCEU ARCOVERDE;
PI;220340;Não;DOM EXPEDITO LOPES;
PI;220342;Não;DOMINGOS MOURÃO;
PI;220345;Não;DOM INOCÊNCIO;
PI;220350;Não;ELESBÃO VELOSO;
PI;220360;Não;ELISEU MARTINS;
PI;220370;Sim;ESPERANTINA;SECRETARIA MUNICIPAL DE SAUDE DE ESPERANTINA/PI
PI;220375;Não;FARTURA DO PIAUÍ;
PI;220380;Não;FLORES DO PIAUÍ;
PI;220385;Não;FLORESTA DO PIAUÍ;
PI;220390;Sim;FLORIANO;SECRETARIA MUNICIPAL DE SAUDE DE FLORIANO/PI
PI;220400;Não;FRANCINÓPOLIS;
PI;220410;Não;FRANCISCO AYRES;
PI;220415;Não;FRANCISCO MACEDO;
PI;220420;Não;FRANCISCO SANTOS;
PI;220430;Não;FRONTEIRAS;
PI;220435;Não;GEMINIANO;
PI;220440;Não;GILBUÉS;
PI;220450;Sim;GUADALUPE;SECRETARIA MUNICIPAL DE SAUDE DE GUADALUPE/PI
PI;220455;Não;GUARIBAS;
PI;220460;Não;HUGO NAPOLEÃO;
PI;220465;Não;ILHA GRANDE;
PI;220470;Não;INHUMA;
PI;220480;Não;IPIRANGA DO PIAUÍ;
PI;220490;Não;ISAÍAS COELHO;
PI;220500;Não;ITAINÓPOLIS;
PI;220510;Não;ITAUEIRA;
PI;220515;Não;JACOBINA DO PIAUÍ;
PI;220520;Não;JAICÓS;
PI;220525;Não;JARDIM DO MULATO;
PI;220527;Não;JATOBÁ DO PIAUÍ;
PI;220530;Não;JERUMENHA;
PI;220535;Não;JOÃO COSTA;
PI;220540;Não;JOAQUIM PIRES;
PI;220545;Não;JOCA MARQUES;
PI;220550;Não;JOSÉ DE FREITAS;
PI;220551;Não;JUAZEIRO DO PIAUÍ;
PI;220552;Não;JÚLIO BORGES;
PI;220553;Não;JUREMA;
PI;220554;Não;LAGOINHA DO PIAUÍ;
PI;220555;Não;LAGOA ALEGRE;
PI;220556;Não;LAGOA DO BARRO DO PIAUÍ;
PI;220557;Não;LAGOA DE SÃO FRANCISCO;
PI;220558;Não;LAGOA DO PIAUÍ;
PI;220559;Não;LAGOA DO SÍTIO;
PI;220560;Sim;LANDRI SALES;SECRETARIA MUNICIPAL DE SAUDE DE LANDRI SALES/PI
PI;220570;Não;LUÍS CORREIA;
PI;220580;Não;LUZILÂNDIA;
PI;220585;Não;MADEIRO;
PI;220590;Sim;MANOEL EMIDIO;SECRETARIA MUNICIPAL DE SAUDE DE MANOEL EMIDIO/PI
PI;220595;Não;MARCOLÂNDIA;
PI;220600;Sim;MARCOS PARENTE;SECRETARIA MUNICIPAL DE SAUDE DE MARCOS PARENTE/PI
PI;220605;Não;MASSAPÊ DO PIAUÍ;
PI;220610;Não;MATIAS OLÍMPIO;
PI;220620;Sim;MIGUEL ALVES;SECRETARIA MUNICIPAL DE SAUDE DE MIGUEL ALVES/PI
PI;220630;Não;MIGUEL LEÃO;
PI;220635;Não;MILTON BRANDÃO;
PI;220640;Não;MONSENHOR GIL;
PI;220650;Não;MONSENHOR HIPÓLITO;
PI;220660;Não;MONTE ALEGRE DO PIAUÍ;
PI;220665;Não;MORRO CABEÇA NO TEMPO;
PI;220667;Não;MORRO DO CHAPÉU DO PIAUÍ;
PI;220669;Não;MURICI DOS PORTELAS;
PI;220670;Não;NAZARÉ DO PIAUÍ;
PI;220672;Não;NAZÁRIA;
PI;220675;Não;NOSSA SENHORA DE NAZARÉ;
PI;220680;Não;NOSSA SENHORA DOS REMÉDIOS;
PI;220690;Não;NOVO ORIENTE DO PIAUÍ;
PI;220695;Não;NOVO SANTO ANTÔNIO;
PI;220700;Não;OEIRAS;
PI;220710;Não;OLHO D'ÁGUA DO PIAUÍ;
PI;220720;Não;PADRE MARCOS;
PI;220730;Sim;PAES LANDIM;SECRETARIA MUNICIPAL DE SAUDE DE PAES LANDIM/PI
PI;220735;Não;PAJEÚ DO PIAUÍ;
PI;220740;Não;PALMEIRA DO PIAUÍ;
PI;220750;Não;PALMEIRAIS;
PI;220755;Não;PAQUETÁ;
PI;220760;Não;PARNAGUÁ;
PI;220770;Não;PARNAÍBA;
PI;220775;Não;PASSAGEM FRANCA DO PIAUÍ;
PI;220777;Não;PATOS DO PIAUÍ;
PI;220779;Não;PAU D'ARCO DO PIAUÍ;
PI;220780;Sim;PAULISTANA;SECRETARIA MUNICIPAL DE SAUDE DE PAULISTANA/PI
PI;220785;Não;PAVUSSU;
PI;220790;Não;PEDRO II;
PI;220793;Não;PEDRO LAURENTINO;
PI;220795;Não;NOVA SANTA RITA;
PI;220800;Não;PICOS;
PI;220810;Não;PIMENTEIRAS;
PI;220820;Não;PIO IX;
PI;220830;Não;PIRACURUCA;
PI;220840;Não;PIRIPIRI;
PI;220850;Não;PORTO;
PI;220855;Não;PORTO ALEGRE DO PIAUÍ;
PI;220860;Não;PRATA DO PIAUÍ;
PI;220865;Sim;QUEIMADA NOVA;SECRETARIA MUNICIPAL DE SAUDE DE QUEIMADA NOVA/PI
PI;220870;Não;REDENÇÃO DO GURGUÉIA;
PI;220880;Não;REGENERAÇÃO;
PI;220885;Não;RIACHO FRIO;
PI;220887;Não;RIBEIRA DO PIAUÍ;
PI;220890;Não;RIBEIRO GONÇALVES;
PI;220900;Não;RIO GRANDE DO PIAUÍ;
PI;220910;Não;SANTA CRUZ DO PIAUÍ;
PI;220915;Não;SANTA CRUZ DOS MILAGRES;
PI;220920;Não;SANTA FILOMENA;
PI;220930;Não;SANTA LUZ;
PI;220935;Não;SANTANA DO PIAUÍ;
PI;220937;Não;SANTA ROSA DO PIAUÍ;
PI;220940;Não;SANTO ANTÔNIO DE LISBOA;
PI;220945;Não;SANTO ANTÔNIO DOS MILAGRES;
PI;220950;Não;SANTO INÁCIO DO PIAUÍ;
PI;220955;Não;SÃO BRAZ DO PIAUÍ;
PI;220960;Não;SÃO FÉLIX DO PIAUÍ;
PI;220965;Não;SÃO FRANCISCO DE ASSIS DO PIAUÍ;
PI;220970;Sim;SAO FRANCISCO DO PIAUI;SECRETARIA MUNICIPAL DE SAUDE DE SAO FRANCISCO DO PIAUI/PI
PI;220975;Sim;SAO GONCALO DO GURGUEIA;SECRETARIA MUNICIPAL DE SAUDE DE SAO GONCALO DO GURGUEIA/PI
PI;220980;Não;SÃO GONÇALO DO PIAUÍ;
PI;220985;Não;SÃO JOÃO DA CANABRAVA;
PI;220987;Não;SÃO JOÃO DA FRONTEIRA;
PI;220990;Não;SÃO JOÃO DA SERRA;
PI;220995;Não;SÃO JOÃO DA VARJOTA;
PI;220997;Não;SÃO JOÃO DO ARRAIAL;
PI;221000;Não;SÃO JOÃO DO PIAUÍ;
PI;221005;Não;SÃO JOSÉ DO DIVINO;
PI;221010;Não;SÃO JOSÉ DO PEIXE;
PI;221020;Não;SÃO JOSÉ DO PIAUÍ;
PI;221030;Não;SÃO JULIÃO;
PI;221035;Não;SÃO LOURENÇO DO PIAUÍ;
PI;221037;Não;SÃO LUIS DO PIAUÍ;
PI;221038;Não;SÃO MIGUEL DA BAIXA GRANDE;
PI;221039;Não;SÃO MIGUEL DO FIDALGO;
PI;221040;Não;SÃO MIGUEL DO TAPUIO;
PI;221050;Não;SÃO PEDRO DO PIAUÍ;
PI;221060;Não;SÃO RAIMUNDO NONATO;
PI;221062;Não;SEBASTIÃO BARROS;
PI;221063;Não;SEBASTIÃO LEAL;
PI;221065;Não;SIGEFREDO PACHECO;
PI;221070;Não;SIMÕES;
PI;221080;Não;SIMPLÍCIO MENDES;
PI;221090;Não;SOCORRO DO PIAUÍ;
PI;221093;Não;SUSSUAPARA;
PI;221095;Sim;TAMBORIL DO PIAUI;SECRETARIA MUNICIPAL DE SAUDE DE TAMBORIL DO PIAUI/PI
PI;221097;Não;TANQUE DO PIAUÍ;
PI;221100;Sim;TERESINA;SECRETARIA MUNICIPAL DE SAUDE DE TERESINA/PI
PI;221110;Não;UNIÃO;
PI;221120;Não;URUÇUÍ;
PI;221130;Não;VALENÇA DO PIAUÍ;
PI;221135;Não;VÁRZEA BRANCA;
PI;221140;Não;VÁRZEA GRANDE;
PI;221150;Não;VERA MENDES;
PI;221160;Não;VILA NOVA DO PIAUÍ;
PI;221170;Não;WALL FERRAZ;
RN;240010;Não;ACARI;
RN;240020;Não;AÇU;
RN;240030;Não;AFONSO BEZERRA;
RN;240040;Não;ÁGUA NOVA;
RN;240050;Sim;ALEXANDRIA;SECRETARIA MUNICIPAL DE SAUDE DE ALEXANDRIA/RN
RN;240060;Não;ALMINO AFONSO;
RN;240070;Não;ALTO DO RODRIGUES;
RN;240080;Não;ANGICOS;
RN;240090;Não;ANTÔNIO MARTINS;
RN;240100;Não;APODI;
RN;240110;Não;AREIA BRANCA;
RN;240120;Não;ARÊS;
RN;240130;Não;CAMPO GRANDE;
RN;240140;Não;BAÍA FORMOSA;
RN;240145;Não;BARAÚNA;
RN;240150;Não;BARCELONA;
RN;240160;Não;BENTO FERNANDES;
RN;240165;Não;BODÓ;
RN;240170;Não;BOM JESUS;
RN;240180;Não;BREJINHO;
RN;240185;Não;CAIÇARA DO NORTE;
RN;240190;Não;CAIÇARA DO RIO DO VENTO;
RN;240200;Não;CAICÓ;
RN;240210;Não;CAMPO REDONDO;
RN;240220;Não;CANGUARETAMA;
RN;240230;Não;CARAÚBAS;
RN;240240;Não;CARNAÚBA DOS DANTAS;
RN;240250;Não;CARNAUBAIS;
RN;240260;Sim;CEARA-MIRIM;SECRETARIA MUNICIPAL DE SAUDE DE CEARA-MIRIM/RN
RN;240270;Não;CERRO CORÁ;
RN;240280;Não;CORONEL EZEQUIEL;
RN;240290;Não;CORONEL JOÃO PESSOA;
RN;240300;Não;CRUZETA;
RN;240310;Não;CURRAIS NOVOS;
RN;240320;Não;DOUTOR SEVERIANO;
RN;240325;Sim;PARNAMIRIM;SECRETARIA MUNICIPAL DE SAUDE DE PARNAMIRIM/RN
RN;240330;Não;ENCANTO;
RN;240340;Não;EQUADOR;
RN;240350;Não;ESPÍRITO SANTO;
RN;240360;Sim;EXTREMOZ;SECRETARIA MUNICIPAL DE SAUDE DE EXTREMOZ/RN
RN;240370;Não;FELIPE GUERRA;
RN;240375;Não;FERNANDO PEDROZA;
RN;240380;Não;FLORÂNIA;
RN;240390;Não;FRANCISCO DANTAS;
RN;240400;Não;FRUTUOSO GOMES;
RN;240410;Não;GALINHOS;
RN;240420;Não;GOIANINHA;
RN;240430;Não;GOVERNADOR DIX-SEPT ROSADO;
RN;240440;Não;GROSSOS;
RN;240450;Não;GUAMARÉ;
RN;240460;Não;IELMO MARINHO;
RN;240470;Não;IPANGUAÇU;
RN;240480;Não;IPUEIRA;
RN;240485;Não;ITAJÁ;
RN;240490;Não;ITAÚ;
RN;240500;Não;JAÇANÃ;
RN;240510;Não;JANDAÍRA;
RN;240520;Não;JANDUÍS;
RN;240530;Não;BOA SAÚDE;
RN;240540;Sim;JAPI;SECRETARIA MUNICIPAL DE SAUDE DE JAPI/RN
RN;240550;Não;JARDIM DE ANGICOS;
RN;240560;Não;JARDIM DE PIRANHAS;
RN;240570;Não;JARDIM DO SERIDÓ;
RN;240580;Não;JOÃO CÂMARA;
RN;240590;Não;JOÃO DIAS;
RN;240600;Não;JOSÉ DA PENHA;
RN;240610;Não;JUCURUTU;
RN;240615;Não;JUNDIÁ;
RN;240620;Não;LAGOA D'ANTA;
RN;240630;Não;LAGOA DE PEDRAS;
RN;240640;Sim;LAGOA DE VELHOS;SECRETARIA MUNICIPAL DE SAUDE DE LAGOA DE VELHOS/RN
RN;240650;Não;LAGOA NOVA;
RN;240660;Não;LAGOA SALGADA;
RN;240670;Não;LAJES;
RN;240680;Sim;LAJES PINTADAS;SECRETARIA MUNICIPAL DE SAUDE DE LAJES PINTADAS/RN
RN;240690;Não;LUCRÉCIA;
RN;240700;Não;LUÍS GOMES;
RN;240710;Sim;MACAIBA;SECRETARIA MUNICIPAL DE SAUDE DE MACAIBA/RN
RN;240720;Não;MACAU;
RN;240725;Não;MAJOR SALES;
RN;240730;Não;MARCELINO VIEIRA;
RN;240740;Não;MARTINS;
RN;240750;Não;MAXARANGUAPE;
RN;240760;Não;MESSIAS TARGINO;
RN;240770;Não;MONTANHAS;
RN;240780;Não;MONTE ALEGRE;
RN;240790;Não;MONTE DAS GAMELEIRAS;
RN;240800;Não;MOSSORÓ;
RN;240810;Sim;NATAL;SECRETARIA MUNICIPAL DE SAUDE DE NATAL/RN
RN;240820;Não;NÍSIA FLORESTA;
RN;240830;Não;NOVA CRUZ;
RN;240840;Não;OLHO-D'ÁGUA DO BORGES;
RN;240850;Não;OURO BRANCO;
RN;240860;Não;PARANÁ;
RN;240870;Não;PARAÚ;
RN;240880;Não;PARAZINHO;
RN;240890;Não;PARELHAS;
RN;240895;Não;RIO DO FOGO;
RN;240910;Não;PASSA E FICA;
RN;240920;Não;PASSAGEM;
RN;240930;Não;PATU;
RN;240933;Não;SANTA MARIA;
RN;240940;Sim;PAU DOS FERROS;SECRETARIA MUNICIPAL DE SAUDE DE PAU DOS FERROS/RN
RN;240950;Não;PEDRA GRANDE;
RN;240960;Não;PEDRA PRETA;
RN;240970;Não;PEDRO AVELINO;
RN;240980;Não;PEDRO VELHO;
RN;240990;Não;PENDÊNCIAS;
RN;241000;Não;PILÕES;
RN;241010;Não;POÇO BRANCO;
RN;241020;Não;PORTALEGRE;
RN;241025;Não;PORTO DO MANGUE;
RN;241030;Não;SERRA CAIADA;
RN;241040;Não;PUREZA;
RN;241050;Não;RAFAEL FERNANDES;
RN;241060;Não;RAFAEL GODEIRO;
RN;241070;Não;RIACHO DA CRUZ;
RN;241080;Não;RIACHO DE SANTANA;
RN;241090;Não;RIACHUELO;
RN;241100;Não;RODOLFO FERNANDES;
RN;241105;Não;TIBAU;
RN;241110;Não;RUY BARBOSA;
RN;241120;Não;SANTA CRUZ;
RN;241140;Não;SANTANA DO MATOS;
RN;241142;Não;SANTANA DO SERIDÓ;
RN;241150;Não;SANTO ANTÔNIO;
RN;241160;Não;SÃO BENTO DO NORTE;
RN;241170;Não;SÃO BENTO DO TRAIRÍ;
RN;241180;Não;SÃO FERNANDO;
RN;241190;Não;SÃO FRANCISCO DO OESTE;
RN;241200;Não;SÃO GONÇALO DO AMARANTE;
RN;241210;Não;SÃO JOÃO DO SABUGI;
RN;241220;Não;SÃO JOSÉ DE MIPIBU;
RN;241230;Não;SÃO JOSÉ DO CAMPESTRE;
RN;241240;Não;SÃO JOSÉ DO SERIDÓ;
RN;241250;Não;SÃO MIGUEL;
RN;241255;Não;SÃO MIGUEL DO GOSTOSO;
RN;241260;Sim;SAO PAULO DO POTENGI;SECRETARIA MUNICIPAL DE SAUDE DE SAO PAULO DO POTENGI/RN
RN;241270;Não;SÃO PEDRO;
RN;241280;Não;SÃO RAFAEL;
RN;241290;Não;SÃO TOMÉ;
RN;241300;Não;SÃO VICENTE;
RN;241310;Não;SENADOR ELÓI DE SOUZA;
RN;241320;Não;SENADOR GEORGINO AVELINO;
RN;241330;Não;SERRA DE SÃO BENTO;
RN;241335;Não;SERRA DO MEL;
RN;241340;Não;SERRA NEGRA DO NORTE;
RN;241350;Não;SERRINHA;
RN;241355;Não;SERRINHA DOS PINTOS;
RN;241360;Sim;SEVERIANO MELO;SECRETARIA MUNICIPAL DE SAUDE DE SEVERIANO MELO/RN
RN;241370;Não;SÍTIO NOVO;
RN;241380;Não;TABOLEIRO GRANDE;
RN;241390;Não;TAIPU;
RN;241400;Não;TANGARÁ;
RN;241410;Não;TENENTE ANANIAS;
RN;241415;Não;TENENTE LAURENTINO CRUZ;
RN;241420;Não;TIBAU DO SUL;
RN;241430;Não;TIMBAÚBA DOS BATISTAS;
RN;241440;Não;TOUROS;
RN;241445;Não;TRIUNFO POTIGUAR;
RN;241450;Não;UMARIZAL;
RN;241460;Não;UPANEMA;
RN;241470;Não;VÁRZEA;
RN;241475;Não;VENHA-VER;
RN;241480;Não;VERA CRUZ;
RN;241490;Não;VIÇOSA;
RN;241500;Não;VILA FLOR;
