UF;IBGE;Adesão ;NOME_MUNICIPIO;ENTIDADE
AC;120001;Sim;ACRELANDIA;SECRETARIA MUNICIPAL DE SAUDE DE ACRELANDIA/AC
AC;120005;Sim;ASSIS BRASIL;SECRETARIA MUNICIPAL DE SAUDE DE ASSIS BRASIL/AC
AC;120010;Sim;BRASILEIA;SECRETARIA MUNICIPAL DE SAUDE DE BRASILEIA/AC
AC;120013;Sim;BUJARI;SECRETARIA MUNICIPAL DE SAUDE DE BUJARI/AC
AC;120017;Sim;CAPIXABA;SECRETARIA MUNICIPAL DE SAUDE DE CAPIXABA/AC
AC;120020;Sim;CRUZEIRO DO SUL;SECRETARIA MUNICIPAL DE SAUDE DE CRUZEIRO DO SUL/AC
AC;120025;Não;EPITACIOLÂNDIA;
AC;120030;Sim;FEIJO;SECRETARIA MUNICIPAL DE SAUDE DE FEIJO/AC
AC;120032;Sim;JORDAO;SECRETARIA MUNICIPAL DE SAUDE DE JORDAO/AC
AC;120033;Sim;MANCIO LIMA;SECRETARIA MUNICIPAL DE SAUDE DE MANCIO LIMA/AC
AC;120034;Sim;MANOEL URBANO;SECRETARIA MUNICIPAL DE SAUDE DE MANUEL URBANO/AC
AC;120035;Sim;MARECHAL THAUMATURGO;SECRETARIA MUNICIPAL DE SAUDE DE MARECHAL THAUMATURGO/AC
AC;120038;Sim;PLACIDO DE CASTRO;SECRETARIA MUNICIPAL DE SAUDE DE PLACIDO DE CASTRO/AC
AC;120039;Sim;PORTO WALTER;SECRETARIA MUNICIPAL DE SAUDE DE PORTO WALTER/AC
AC;120040;Sim;RIO BRANCO;SECRETARIA MUNICIPAL DE SAUDE DE RIO BRANCO/AC
AC;120042;Sim;RODRIGUES ALVES;SECRETARIA MUNICIPAL DE SAUDE DE RODRIGUES ALVES/AC
AC;120043;Sim;SANTA ROSA DO PURUS;SECRETARIA MUNICIPAL DE SAUDE DE SANTA ROSA/AC
AC;120045;Sim;SENADOR GUIOMARD;SECRETARIA MUNICIPAL DE SAUDE DE SENADOR GUIOMARD/AC
AC;120050;Sim;SENA MADUREIRA;SECRETARIA MUNICIPAL DE SAUDE DE SENA MADUREIRA/AC
AC;120060;Sim;TARAUACA;SECRETARIA MUNICIPAL DE SAUDE DE TARAUACA/AC
AC;120070;Sim;XAPURI;SECRETARIA MUNICIPAL DE SAUDE DE XAPURI/AC
AC;120080;Sim;PORTO ACRE;SECRETARIA MUNICIPAL DE SAUDE DE PORTO ACRE/AC
AM;130002;Sim;ALVARAES;SECRETARIA MUNICIPAL DE SAUDE DE ALVARAES/AM
AM;130006;Sim;AMATURA;SECRETARIA MUNICIPAL DE SAUDE DE AMATURA/AM
AM;130008;Não;ANAMÃ;
AM;130010;Sim;ANORI;SECRETARIA MUNICIPAL DE SAUDE DE ANORI/AM
AM;130014;Sim;APUI;SECRETARIA MUNICIPAL DE SAUDE DE APUI/AM
AM;130020;Não;ATALAIA DO NORTE;
AM;130030;Não;AUTAZES;
AM;130040;Sim;BARCELOS;SECRETARIA MUNICIPAL DE SAUDE DE BARCELOS/AM
AM;130050;Não;BARREIRINHA;
AM;130060;Não;BENJAMIN CONSTANT;
AM;130063;Sim;BERURI;SECRETARIA MUNICIPAL DE SAUDE DE BERURI/AM
AM;130068;Não;BOA VISTA DO RAMOS;
AM;130070;Não;BOCA DO ACRE;
AM;130080;Sim;BORBA;SECRETARIA MUNICIPAL DE SAUDE DE BORBA/AM
AM;130083;Não;CAAPIRANGA;
AM;130090;Não;CANUTAMA;
AM;130100;Sim;CARAUARI;SECRETARIA MUNICIPAL DE SAUDE DE CARAUARI/AM
AM;130110;Sim;CAREIRO;SECRETARIA MUNICIPAL DE SAUDE DE CAREIRO/AM
AM;130115;Não;CAREIRO DA VÁRZEA;
AM;130120;Sim;COARI;SECRETARIA MUNICIPAL DE SAUDE DE COARI/AM
AM;130130;Não;CODAJÁS;
AM;130140;Sim;EIRUNEPE;SECRETARIA MUNICIPAL DE SAUDE DE EIRUNEPE/AM
AM;130150;Sim;ENVIRA;SECRETARIA MUNICIPAL DE SAUDE DE ENVIRA/AM
AM;130160;Não;FONTE BOA;
AM;130165;Sim;GUAJARA;SECRETARIA MUNICIPAL DE SAUDE DE GUAJARA/AM
AM;130170;Não;HUMAITÁ;
AM;130180;Não;IPIXUNA;
AM;130185;Não;IRANDUBA;
AM;130190;Sim;ITACOATIARA;SECRETARIA MUNICIPAL DE SAUDE DE ITACOATIARA/AM
AM;130195;Sim;ITAMARATI;SECRETARIA MUNICIPAL DE SAUDE DE ITAMARATI/AM
AM;130200;Sim;ITAPIRANGA;SECRETARIA MUNICIPAL DE SAUDE DE ITAPIRANGA/AM
AM;130210;Sim;JAPURA;SECRETARIA MUNICIPAL DE SAUDE DE JAPURA/AM
AM;130220;Não;JURUÁ;
AM;130230;Não;JUTAÍ;
AM;130240;Sim;LABREA;SECRETARIA MUNICIPAL DE SAUDE DE LABREA/AM
AM;130250;Sim;MANACAPURU;SECRETARIA MUNICIPAL DE SAUDE DE MANACAPURU/AM
AM;130255;Sim;MANAQUIRI;SECRETARIA MUNICIPAL DE SAUDE DE MANAQUIRI/AM
AM;130260;Sim;MANAUS;SECRETARIA MUNICIPAL DE SAUDE DE MANAUS/AM
AM;130270;Sim;MANICORE;SECRETARIA MUNICIPAL DE SAUDE DE MANICORE/AM
AM;130280;Sim;MARAA;SECRETARIA MUNICIPAL DE SAUDE DE MARAA/AM
AM;130290;Sim;MAUES;SECRETARIA MUNICIPAL DE SAUDE DE MAUES/AM
AM;130300;Não;NHAMUNDÁ;
AM;130310;Não;NOVA OLINDA DO NORTE;
AM;130320;Não;NOVO AIRÃO;
AM;130330;Não;NOVO ARIPUANÃ;
AM;130340;Não;PARINTINS;
AM;130350;Não;PAUINI;
AM;130353;Sim;PRESIDENTE FIGUEIREDO;SECRETARIA MUNICIPAL DE SAUDE DE PRESIDENTE FIGUEIREDO/AM
AM;130356;Não;RIO PRETO DA EVA;
AM;130360;Sim;SANTA ISABEL DO RIO NEGRO;SECRETARIA MUNICIPAL DE SAUDE DE SANTA ISABEL DO RIO NEGRO/AM
AM;130370;Sim;SANTO ANTONIO DO ICA;SECRETARIA MUNICIPAL DE SAUDE DE SANTO ANTONIO DO ICA/AM
AM;130380;Sim;SAO GABRIEL DA CACHOEIRA;SECRETARIA MUNICIPAL DE SAUDE DE SAO GABRIEL DA CACHOEIRA/AM
AM;130390;Não;SÃO PAULO DE OLIVENÇA;
AM;130395;Sim;SAO SEBASTIAO DO UATUMA;SECRETARIA MUNICIPAL DE SAUDE DE SAO SEBASTIAO DO UATUMA/AM
AM;130400;Sim;SILVES;SECRETARIA MUNICIPAL DE SAUDE DE SILVES/AM
AM;130406;Não;TABATINGA;
AM;130410;Sim;TAPAUA;SECRETARIA MUNICIPAL DE SAUDE DE TAPAUA/AM
AM;130420;Sim;TEFE;SECRETARIA MUNICIPAL DE SAUDE DE TEFE/AM
AM;130423;Não;TONANTINS;
AM;130426;Sim;UARINI;SECRETARIA MUNICIPAL DE SAUDE DE UARINI/AM
AM;130430;Sim;URUCARA;SECRETARIA MUNICIPAL DE SAUDE DE URUCARA/AM
AM;130440;Sim;URUCURITUBA;SECRETARIA MUNICIPAL DE SAUDE DE URUCURITUBA/AM
AP;160005;Não;SERRA DO NAVIO;
AP;160010;Não;AMAPÁ;
AP;160015;Sim;PEDRA BRANCA DO AMAPARI;SECRETARIA MUNICIPAL DE SAUDE DE PEDRA BRANCA DO AMAPARI/AP
AP;160020;Não;CALÇOENE;
AP;160021;Sim;CUTIAS;SECRETARIA MUNICIPAL DE SAUDE DE CUTIAS/AP
AP;160023;Não;FERREIRA GOMES;
AP;160025;Não;ITAUBAL;
AP;160027;Não;LARANJAL DO JARI;
AP;160030;Sim;MACAPA;SECRETARIA MUNICIPAL DE SAUDE DE MACAPA/AP
AP;160040;Não;MAZAGÃO;
AP;160050;Não;OIAPOQUE;
AP;160053;Sim;PORTO GRANDE;SECRETARIA MUNICIPAL DE SAUDE DE PORTO GRANDE/AP
AP;160055;Sim;PRACUUBA;SECRETARIA MUNICIPAL DE SAUDE DE PRACUUBA
AP;160060;Sim;SANTANA;SECRETARIA MUNICIPAL DE SAUDE DE SANTANA/AP
AP;160070;Sim;TARTARUGALZINHO;SECRETARIA MUNICIPAL DE SAUDE DE TARTARUGALZINHO/AP
AP;160080;Sim;VITORIA DO JARI;SECRETARIA MUNICIPAL DE SAUDE DE VITORIA DO JARI/AP
PA;150010;Sim;ABAETETUBA;SECRETARIA MUNICIPAL DE SAUDE DE ABAETETUBA
PA;150013;Não;ABEL FIGUEIREDO;
PA;150020;Sim;ACARA;SECRETARIA MUNICIPAL DE SAUDE DE ACARA
PA;150030;Sim;AFUA;SECRETARIA MUNICIPAL DE SAUDE DE AFUA
PA;150034;Sim;AGUA AZUL DO NORTE;SECRETARIA MUNICIPAL DE SAUDE DE AGUA AZUL DO NORTE
PA;150040;Sim;ALENQUER;SECRETARIA MUNICIPAL DE SAUDE DE ALENQUER
PA;150050;Sim;ALMEIRIM;SECRETARIA MUNICIPAL DE SAUDE DE ALMEIRIM
PA;150060;Sim;ALTAMIRA;SECRETARIA MUNICIPAL DE SAUDE DE ALTAMIRA
PA;150070;Sim;ANAJAS;SECRETARIA MUNICIPAL DE SAUDE DE ANAJAS
PA;150080;Sim;ANANINDEUA;SECRETARIA MUNICIPAL DE SAUDE DE ANANINDEUA
PA;150085;Sim;ANAPU;SECRETARIA MUNICIPAL DE SAUDE DE ANAPU
PA;150090;Sim;AUGUSTO CORREA;SECRETARIA MUNICIPAL DE SAUDE DE AUGUSTO CORREA
PA;150095;Sim;AURORA DO PARA;SECRETARIA MUNICIPAL DE SAUDE DE AURORA DO PARA
PA;150100;Sim;AVEIRO;SECRETARIA MUNICIPAL DE SAUDE DE AVEIRO
PA;150110;Sim;BAGRE;SECRETARIA MUNICIPAL DE SAUDE DE BAGRE
PA;150120;Sim;BAIAO;SECRETARIA MUNICIPAL DE SAUDE DE BAIAO
PA;150125;Não;BANNACH;
PA;150130;Sim;BARCARENA;SECRETARIA MUNICIPAL DE SAUDE DE BARCARENA
PA;150140;Sim;BELEM;SECRETARIA MUNICIPAL DE SAUDE DE BELEM 
PA;150145;Sim;BELTERRA;SECRETARIA MUNICIPAL DE SAUDE DE BELTERRA
PA;150150;Sim;BENEVIDES;SECRETARIA MUNICIPAL DE SAUDE DE BENEVIDES
PA;150157;Sim;BOM JESUS DO TOCANTINS;SECRETARIA MUNICIPAL DE SAUDE DE BOM JESUS DO TOCANTINS/PA
PA;150160;Sim;BONITO;SECRETARIA MUNICIPAL DE SAUDE DE BONITO
PA;150170;Sim;BRAGANCA;SECRETARIA MUNICIPAL DE SAUDE DE BRAGANCA
PA;150172;Sim;BRASIL NOVO;SECRETARIA MUNICIPAL DE SAUDE DE BRASIL NOVO
PA;150175;Sim;BREJO GRANDE DO ARAGUAIA;SECRETARIA MUNICIPAL DE SAUDE DE BREJO GRANDE DO ARAGUAIA
PA;150178;Sim;BREU BRANCO;SECRETARIA MUNICIPAL DE SAUDE DE BREU BRANCO
PA;150180;Sim;BREVES;SECRETARIA MUNICIPAL DE SAUDE DE BREVES
PA;150190;Sim;BUJARU;SECRETARIA MUNICIPAL DE SAUDE DE BUJARU
PA;150195;Sim;CACHOEIRA DO PIRIA;SECRETARIA MUNICIPAL DE SAUDE DE CACHOEIRA DE PIRIA
PA;150200;Sim;CACHOEIRA DO ARARI;SECRETARIA MUNICIPAL DE SAUDE DE CACHOEIRA DO ARARI
PA;150210;Sim;CAMETA;SECRETARIA MUNICIPAL DE SAUDE DE CAMETA
PA;150215;Sim;CANAA DOS CARAJAS;SECRETARIA MUNICIPAL DE SAUDE DE CANAA DOS CARAJAS
PA;150220;Sim;CAPANEMA; SECRETARIA MUNICIPAL DE SAUDE DE CAPANEMA
PA;150230;Sim;CAPITAO POCO;SECRETARIA MUNICIPAL DE SAUDE DE CAPITAO POCO
PA;150240;Sim;CASTANHAL;SECRETARIA MUNICIPAL DE SAUDE DE CASTANHAL/PA
PA;150250;Sim;CHAVES;SECRETARIA MUNICIPAL DE SAUDE DE CHAVES
PA;150260;Sim;COLARES;SECRETARIA MUNICIPAL DE SAUDE DE COLARES
PA;150270;Sim;CONCEICAO DO ARAGUAIA;SECRETARIA MUNICIPAL DE SAUDE DE CONCEICAO DO ARAGUAIA
PA;150275;Sim;CONCORDIA DO PARA;SECRETARIA MUNICIPAL DE SAUDE DE CONCORDIA DO PARA
PA;150276;Sim;CUMARU DO NORTE;SECRETARIA MUNICIPAL DE SAUDE DE CUMARU DO NORTE
PA;150277;Sim;CURIONOPOLIS;SECRETARIA MUNICIPAL DE SAUDE DE CURIONOPOLIS
PA;150280;Sim;CURRALINHO;SECRETARIA MUNICIPAL DE SAUDE DE CURRALINHO
PA;150285;Sim;CURUA;SECRETARIA MUNICIPAL DE SAUDE DE CURUA
PA;150290;Sim;CURUCA;SECRETARIA MUNICIPAL DE SAUDE DE CURUCA
PA;150293;Sim;DOM ELISEU;SECRETARIA MUNICIPAL DE SAUDE DE DOM ELISEU
PA;150295;Sim;ELDORADO DO CARAJÁS;
PA;150300;Sim;FARO;SECRETARIA MUNICIPAL DE SAUDE DE FARO
PA;150304;Sim;FLORESTA DO ARAGUAIA;SECRETARIA MUNICIPAL DE SAUDE DE FLORESTA DO ARAGUAIA
PA;150307;Sim;GARRAFAO DO NORTE;SECRETARIA MUNICIPAL DE SAUDE DE GARRAFAO DO NORTE
PA;150309;Sim;GOIANESIA DO PARA;SECRETARIA MUNICIPAL DE SAUDE DE GOIANESIA DO PARA
PA;150310;Sim;GURUPA;SECRETARIA MUNICIPAL DE SAUDE DE GURUPA
PA;150320;Sim;IGARAPE-ACU;SECRETARIA MUNICIPAL DE SAUDE DE IGARAPE-ACU
PA;150330;Sim;IGARAPE-MIRI;SECRETARIA MUNICIPAL DE SAUDE DE IGARAPE-MIRI
PA;150340;Sim;INHANGAPI;SECRETARIA MUNICIPAL DE SAUDE DE INHANGAPI
PA;150345;Sim;IPIXUNA DO PARA;SECRETARIA MUNICIPAL DE SAUDE DE IPIXUNA DO PARA
PA;150350;Sim;IRITUIA;SECRETARIA MUNICIPAL DE SAUDE DE IRITUIA
PA;150360;Sim;ITAITUBA;SECRETARIA MUNICIPAL DE SAUDE DE ITAITUBA
PA;150370;Sim;ITUPIRANGA;SECRETARIA MUNICIPAL DE SAUDE DE ITUPIRANGA/PA
PA;150375;Sim;JACAREACANGA;SECRETARIA MUNICIPAL DE SAUDE DE JACAREACANGA
PA;150380;Sim;JACUNDA;SECRETARIA MUNICIPAL DE SAUDE DE JACUNDA
PA;150390;Sim;JURUTI;SECRETARIA MUNICIPAL DE SAUDE DE JURUTI
PA;150400;Sim;LIMOEIRO DO AJURU;SECRETARIA MUNICIPAL DE SAUDE DE LIMOEIRO DO AJURU
PA;150405;Sim;MAE DO RIO;SECRETARIA MUNICIPAL DE SAUDE DE MAE DO RIO
PA;150410;Sim;MAGALHAES BARATA;SECRETARIA MUNICIPAL DE SAUDE DE MAGALHAES BARATA
PA;150420;Sim;MARABA;SECRETARIA MUNICIPAL DE SAUDE DE MARABA
PA;150430;Sim;MARACANA;SECRETARIA MUNICIPAL DE SAUDE DE MARACANA
PA;150440;Sim;MARAPANIM;SECRETARIA MUNICIPAL DE SAUDE DE MARAPANIM
PA;150442;Sim;MARITUBA;SECRETARIA MUNICIPAL DE SAUDE DE MARITUBA
PA;150445;Sim;MEDICILANDIA;SECRETARIA MUNICIPAL DE SAUDE DE MEDICILANDIA
PA;150450;Sim;MELGACO;SECRETARIA MUNICIPAL DE SAUDE DE MELGACO
PA;150460;Sim;MOCAJUBA;SECRETARIA MUNICIPAL DE SAUDE DE MOCAJUBA
PA;150470;Sim;MOJU;SECRETARIA MUNICIPAL DE SAUDE DE MOJU
PA;150475;Não;MOJUÍ DOS CAMPOS;
PA;150480;Sim;MONTE ALEGRE;SECRETARIA MUNICIPAL DE SAUDE DE MONTE ALEGRE
PA;150490;Sim;MUANA;SECRETARIA MUNICIPAL DE SAUDE DE MUANA
PA;150495;Sim;NOVA ESPERANCA DO PIRIA;SECRETARIA MUNICIPAL DE SAUDE DE NOVA ESPERANCA DO PIRIA
PA;150497;Sim;NOVA IPIXUNA;SECRETARIA MUNICIPAL DE SAUDE DE NOVA IPIXUNA
PA;150500;Sim;NOVA TIMBOTEUA;SECRETARIA MUNICIPAL DE SAUDE DE NOVA TIMBOTEUA
PA;150503;Sim;NOVO PROGRESSO;SECRETARIA MUNICIPAL DE SAUDE DE NOVO PROGRESSO
PA;150506;Sim;NOVO REPARTIMENTO;SECRETARIA MUNICIPAL DE SAUDE DE NOVO REPARTIMENTO
PA;150510;Sim;OBIDOS;SECRETARIA MUNICIPAL DE SAUDE DE OBIDOS
PA;150520;Sim;OEIRAS DO PARA;SECRETARIA MUNICIPAL DE SAUDE DE OEIRAS DO PARA
PA;150530;Sim;ORIXIMINA;SECRETARIA MUNICIPAL DE SAUDE DE ORIXIMINA
PA;150540;Sim;OUREM;SECRETARIA MUNICIPAL DE SAUDE DE OUREM
PA;150543;Sim;OURILANDIA DO NORTE;SECRETARIA MUNICIPAL DE SAUDE DE OURILANDIA DO NORTE
PA;150548;Sim;PACAJA;SECRETARIA MUNICIPAL DE SAUDE DE PACAJA
PA;150549;Sim;PALESTINA DO PARA;SECRETARIA MUNICIPAL DE SAUDE DE PALESTINA DO PARA
PA;150550;Sim;PARAGOMINAS;SECRETARIA MUNICIPAL DE SAUDE DE PARAGOMINAS
PA;150553;Sim;PARAUAPEBAS;SECRETARIA MUNICIPAL DE SAUDE DE PARAUAPEBAS
PA;150555;Sim;PAU D'ARCO;SECRETARIA MUNICIPAL DE SAUDE DE PAU D`ARCO
PA;150560;Sim;PEIXE-BOI;SECRETARIA MUNICIPAL DE SAUDE DE PEIXE-BOI
PA;150563;Sim;PICARRA;SECRETARIA MUNICIPAL DE SAUDE DE PICARRA
PA;150565;Sim;PLACAS;SECRETARIA MUNICIPAL DE SAUDE DE PLACAS
PA;150570;Sim;PONTA DE PEDRAS;SECRETARIA MUNICIPAL DE SAUDE DE PONTA DE PEDRAS
PA;150580;Sim;PORTEL;SECRETARIA MUNICIPAL DE SAUDE DE PORTEL
PA;150590;Sim;PORTO DE MOZ;SECRETARIA MUNICIPAL DE SAUDE DE PORTO DE MOZ
PA;150600;Sim;PRAINHA;SECRETARIA MUNICIPAL DE SAUDE DE PRAINHA
PA;150610;Sim;PRIMAVERA;SECRETARIA MUNICIPAL DE SAUDE DE PRIMAVERA
PA;150611;Sim;QUATIPURU;SECRETARIA MUNICIPAL DE SAUDE DE QUATIPURU/PA
PA;150613;Sim;REDENCAO;SECRETARIA MUNICIPAL DE SAUDE DE REDENCAO
PA;150616;Sim;RIO MARIA;SECRETARIA MUNICIPAL DE SAUDE DE RIO MARIA
PA;150618;Sim;RONDON DO PARA;SECRETARIA MUNICIPAL DE SAUDE DE RONDON DO PARA
PA;150619;Sim;RUROPOLIS;SECRETARIA MUNICIPAL DE SAUDE DE RUROPOLIS
PA;150620;Sim;SALINOPOLIS;SECRETARIA MUNICIPAL DE SAUDE DE SALINOPOLIS
PA;150630;Sim;SALVATERRA;SECRETARIA MUNICIPAL DE SAUDE DE SALVATERRA
PA;150635;Sim;SANTA BARBARA DO PARA;SECRETARIA MUNICIPAL DE SAUDE DE SANTA BARBARA DO PARA
PA;150640;Sim;SANTA CRUZ DO ARARI;SECRETARIA MUNICIPAL DE SAUDE DE SANTA CRUZ DO ARARI
PA;150650;Sim;SANTA ISABEL DO PARÁ;
PA;150655;Sim;SANTA LUZIA DO PARA;SECRETARIA MUNICIPAL DE SAUDE DE SANTA LUZIA DO PARA/PA
PA;150658;Sim;SANTA MARIA DAS BARREIRAS;SECRETARIA MUNICIPAL DE SAUDE DE SANTA MARIA DAS BARREIRAS
PA;150660;Sim;SANTA MARIA DO PARA;SECRETARIA MUNICIPAL DE SAUDE DE SANTA MARIA DO PARA
PA;150670;Sim;SANTANA DO ARAGUAIA;SECRETARIA MUNICIPAL DE SAUDE DE SANTANA DO ARAGUAIA
PA;150680;Sim;SANTAREM;SECRETARIA MUNICIPAL DE SAUDE DE SANTAREM
PA;150690;Sim;SANTAREM NOVO;SECRETARIA MUNICIPAL DE SAUDE DE SANTAREM NOVO
PA;150700;Sim;SANTO ANTONIO DO TAUA;SECRETARIA MUNICIPAL DE SAUDE DE SANTO ANTONIO DO TAUA
PA;150710;Sim;SAO CAETANO DE ODIVELAS;SECRETARIA MUNICIPAL DE SAUDE DE SAO CAETANO DE ODIVELAS
PA;150715;Sim;SAO DOMINGOS DO ARAGUAIA;SECRETARIA MUNICIPAL DE SAUDE DE SAO DOMINGOS DO ARAGUAIA
PA;150720;Sim;SAO DOMINGOS DO CAPIM;SECRETARIA MUNICIPAL DE SAUDE DE SAO DOMINGOS DO CAPIM
PA;150730;Sim;SAO FELIX DO XINGU;SECRETARIA MUNICIPAL DE SAUDE DE SAO FELIX DO XINGU
PA;150740;Sim;SAO FRANCISCO DO PARA;SECRETARIA MUNICIPAL DE SAUDE DE SAO FRANCISCO DO PARA
PA;150745;Sim;SAO GERALDO DO ARAGUAIA;SECRETARIA MUNICIPAL DE SAUDE DE SAO GERALDO DO ARAGUAIA
PA;150746;Sim;SAO JOAO DA PONTA;SECRETARIA MUNICIPAL DE SAUDE DE SAO JOAO DA PONTA
PA;150747;Sim;SAO JOAO DE PIRABAS;SECRETARIA MUNICIPAL DE SAUDE DE SAO JOAO DE PIRABAS
PA;150750;Sim;SAO JOAO DO ARAGUAIA;SECRETARIA MUNICIPAL DE SAUDE DE SAO JOAO DO ARAGUAIA
PA;150760;Sim;SAO MIGUEL DO GUAMA;SECRETARIA MUNICIPAL DE SAUDE DE SAO MIGUEL DO GUAMA
PA;150770;Sim;SAO SEBASTIAO DA BOA VISTA;SECRETARIA MUNICIPAL DE SAUDE DE SAO SEBASTIAO DA BOA VISTA
PA;150775;Sim;SAPUCAIA;SECRETARIA MUNICIPAL DE SAUDE DE SAPUCAIA
PA;150780;Sim;SENADOR JOSE PORFIRIO;SECRETARIA MUNICIPAL DE SAUDE DE SENADOR JOSE PORFIRIO
PA;150790;Sim;SOURE;SECRETARIA MUNICIPAL DE SAUDE DE SOURE
PA;150795;Sim;TAILANDIA;SECRETARIA MUNICIPAL DE SAUDE DE TAILANDIA
PA;150796;Sim;TERRA ALTA;SECRETARIA MUNICIPAL DE SAUDE DE TERRA ALTA
PA;150797;Sim;TERRA SANTA;SECRETARIA MUNICIPAL DE SAUDE DE TERRA SANTA
PA;150800;Sim;TOME-ACU;SECRETARIA MUNICIPAL DE SAUDE DE TOME-ACU
PA;150803;Sim;TRACUATEUA;SECRETARIA MUNICIPAL DE SAUDE DE TRACUATEUA
PA;150805;Sim;TRAIRAO;SECRETARIA MUNICIPAL DE SAUDE DE TRAIRAO
PA;150808;Sim;TUCUMA;SECRETARIA MUNICIPAL DE SAUDE DE TUCUMA
PA;150810;Sim;TUCURUI;SECRETARIA MUNICIPAL DE SAUDE DE TUCURUI
PA;150812;Sim;ULIANOPOLIS;SECRETARIA MUNICIPAL DE SAUDE DE ULIANOPOLIS
PA;150815;Sim;URUARA;SECRETARIA MUNICIPAL DE SAUDE DE URUARA
PA;150820;Sim;VIGIA;SECRETARIA MUNICIPAL DE SAUDE DE VIGIA
PA;150830;Sim;VISEU;SECRETARIA MUNICIPAL DE SAUDE DE VISEU/PA
PA;150835;Sim;VITORIA DO XINGU;SECRETARIA MUNICIPAL DE SAUDE DE VITORIA DO XINGU
PA;150840;Sim;XINGUARA;SECRETARIA MUNICIPAL DE SAUDE DE XINGUARA
RO;110001;Sim;ALTA FLORESTA D'OESTE;SECRETARIA MUNICIPAL DE SAUDE DE ALTA FLORESTA DO OESTE/RO
RO;110002;Sim;ARIQUEMES;SECRETARIA MUNICIPAL DE SAUDE ARIQUEMES/RO
RO;110003;Sim;CABIXI;SECRETARIA MUNICIPAL DE SAUDE DE CABIXI/RO
RO;110004;Sim;CACOAL;SECRETARIA MUNICIPAL DE SAUDE DE CACOAL/RO
RO;110005;Sim;CEREJEIRAS;SECRETARIA MUNICIPAL DE SAUDE DE CEREJEIRAS/RO
RO;110006;Sim;COLORADO DO OESTE;SECRETARIA MUNICIPAL DE SAUDE DE COLORADO DO OESTE/RO
RO;110007;Sim;CORUMBIARA;SECRETARIA MUNICIPAL DE SAUDE DE CORUMBIARA/RO
RO;110008;Não;COSTA MARQUES;
RO;110009;Sim;ESPIGAO D'OESTE;SECRETARIA MUNICIPAL DE SAUDE DE ESPIGAO DO OESTE/RO
RO;110010;Sim;GUAJARA-MIRIM;SECRETARIA MUNICIPAL DE SAUDE DE GUAJARA MIRIM/RO
RO;110011;Sim;JARU;SECRETARIA MUNICIPAL DE SAUDE DE JARU/RO
RO;110012;Sim;JI-PARANA;SECRETARIA MUNICIPAL DE SAUDE DE JI-PARANA/RO
RO;110013;Sim;MACHADINHO D'OESTE;SECRETARIA MUNICIPAL DE SAUDE DE MACHADINHO/RO
RO;110014;Sim;NOVA BRASILANDIA D'OESTE;SECRETARIA MUNICIPAL DE SAUDE DE NOVA BRASILANDIA D`OESTE/RO
RO;110015;Sim;OURO PRETO DO OESTE;SECRETARIA MUNICIPAL DE SAUDE DE OURO PRETO DO OESTE/RO
RO;110018;Sim;PIMENTA BUENO;SECRETARIA MUNICIPAL DE SAUDE DE PIMENTA BUENO/RO
RO;110020;Sim;PORTO VELHO;SECRETARIA MUNICIPAL DE SAUDE DE PORTO VELHO/RO
RO;110025;Sim;PRESIDENTE MEDICI;SECRETARIA MUNICIPAL DE SAUDE DE PRESIDENTE MEDICI/RO
RO;110026;Sim;RIO CRESPO;SECRETARIA MUNICIPAL DE SAUDE DE RIO CRESPO/RO
RO;110028;Sim;ROLIM DE MOURA;SECRETARIA MUNICIPAL DE SAUDE DE ROLIM DE MOURA/RO
RO;110029;Sim;SANTA LUZIA D'OESTE;SECRETARIA MUNICIPAL DE SAUDE DE SANTA LUZIA DO OESTE/RO
RO;110030;Sim;VILHENA;SECRETARIA MUNICIPAL DE SAUDE DE VILHENA/RO
RO;110032;Não;SÃO MIGUEL DO GUAPORÉ;
RO;110033;Sim;NOVA MAMORE;SECRETARIA MUNICIPAL DE SAUDE DE NOVA MAMORE/RO
RO;110034;Sim;ALVORADA D'OESTE;SECRETARIA MUNICIPAL DE SAUDE ALVORADA DO OESTE/RO
RO;110037;Não;ALTO ALEGRE DOS PARECIS;
RO;110040;Sim;ALTO PARAISO;SECRETARIA MUNICIPAL DE SAUDE ALTO PARAISO/RO
RO;110045;Sim;BURITIS;SECRETARIA MUNICIPAL DE SAUDE DE BURITIS/RO
RO;110050;Sim;NOVO HORIZONTE DO OESTE;SECRETARIA MUNICIPAL DE SAUDE DE NOVO HORIZONTE DO OESTE/RO
RO;110060;Sim;CACAULANDIA;SECRETARIA MUNICIPAL DE SAUDE DE CACAULANDIA/RO
RO;110070;Sim;CAMPO NOVO DE RONDONIA;SECRETARIA MUNICIPAL DE SAUDE DE CAMPO NOVO DE RONDONIA/RO
RO;110080;Sim;CANDEIAS DO JAMARI;SECRETARIA MUNICIPAL DE SAUDE DE CANDEIAS DO JAMARI/RO
RO;110090;Sim;CASTANHEIRAS;SECRETARIA MUNICIPAL DE SAUDE DE CASTANHEIRAS/RO
RO;110092;Sim;CHUPINGUAIA;SECRETARIA MUNICIPAL DE SAUDE DE CHUPINGUAIA/RO
RO;110094;Sim;CUJUBIM;SECRETARIA MUNICIPAL DE SAUDE DE CUJUBIM/RO
RO;110100;Não;GOVERNADOR JORGE TEIXEIRA;
RO;110110;Sim;ITAPUA DO OESTE;SECRETARIA MUNICIPAL DE SAUDE DE ITAPUA DO OESTE/RO
RO;110120;Sim;MINISTRO ANDREAZZA;SECRETARIA MUNICIPAL DE SAUDE DE MINISTRO ANDREAZZA/RO
RO;110130;Não;MIRANTE DA SERRA;
RO;110140;Sim;MONTE NEGRO;SECRETARIA MUNICIPAL DE SAUDE DE MONTE NEGRO/RO
RO;110143;Sim;NOVA UNIAO;SECRETARIA MUNICIPAL DE SAUDE DE NOVA UNIAO/RO
RO;110145;Não;PARECIS;
RO;110146;Sim;PIMENTEIRAS DO OESTE;SECRETARIA MUNICIPAL DE SAUDE DE PIMENTEIRAS DO OESTE/RO
RO;110147;Sim;PRIMAVERA DE RONDONIA;SECRETARIA MUNICIPAL DE SAUDE DE PRIMAVERA/RO
RO;110148;Sim;SAO FELIPE D'OESTE;SECRETARIA MUNICIPAL DE SAUDE DE SAO FELIPE D`OESTE/RO
RO;110149;Não;SÃO FRANCISCO DO GUAPORÉ;
RO;110150;Sim;SERINGUEIRAS;SECRETARIA MUNICIPAL DE SAUDE DE SERINGUEIRAS/RO
RO;110155;Sim;TEIXEIROPOLIS;SECRETARIA MUNICIPAL DE SAUDE DE TEIXEIROPOLIS/RO
RO;110160;Não;THEOBROMA;
RO;110170;Não;URUPÁ;
RO;110175;Não;VALE DO ANARI;
RO;110180;Sim;VALE DO PARAISO;SECRETARIA MUNICIPAL DE SAUDE DE VALE DO PARAISO/RO
RR;140002;Sim;AMAJARI;SECRETARIA MUNICIPAL DE SAUDE DE AMAJARI/RR
RR;140005;Sim;ALTO ALEGRE;SECRETARIA MUNICIPAL DE SAUDE ALTO ALEGRE/RR
RR;140010;Sim;BOA VISTA;SECRETARIA MUNICIPAL DE SAUDE DE BOA VISTA/RR
RR;140015;Sim;BONFIM;SECRETARIA MUNICIPAL DE SAUDE DE BONFIM/RR
RR;140017;Sim;CANTA;SECRETARIA MUNICIPAL DE SAUDE DE CANTA/RR
RR;140020;Sim;CARACARAI;SECRETARIA MUNICIPAL DE SAUDE DE CARACARAI/RR
RR;140023;Sim;CAROEBE;SECRETARIA MUNICIPAL DE SAUDE DE CAROEBE/RR
RR;140028;Não;IRACEMA;
RR;140030;Sim;MUCAJAI;SECRETARIA MUNICIPAL DE SAUDE DE MUCAJAI/RR
RR;140040;Sim;NORMANDIA;SECRETARIA MUNICIPAL DE SAUDE DE NORMANDIA/RR
RR;140045;Sim;PACARAIMA;SECRETARIA MUNICIPAL DE SAUDE DE PACARAIMA/RR
RR;140047;Sim;RORAINOPOLIS;SECRETARIA MUNICIPAL DE SAUDE DE RORAINOPOLIS/RR
RR;140050;Sim;SAO JOAO DA BALIZA;SECRETARIA MUNICIPAL DE SAUDE DE SAO JOAO DA BALIZA/RR
RR;140060;Sim;SAO LUIZ;SECRETARIA MUNICIPAL DE SAUDE DE  SAO LUIZ DO ANAUA/RR
RR;140070;Sim;UIRAMUTA;SECRETARIA MUNICIPAL DE SAUDE DE UIRAMUTA/RR
TO;170025;Sim;ABREULANDIA;SECRETARIA MUNICIPAL DE SAUDE DE ABREULANDIA/TO
TO;170030;Não;AGUIARNÓPOLIS;
TO;170035;Sim;ALIANCA DO TOCANTINS;SECRETARIA MUNICIPAL DE SAUDE DE ALIANCA DO TOCANTINS/TO
TO;170040;Sim;ALMAS;SECRETARIA MUNICIPAL DE SAUDE DE ALMAS/TO
TO;170070;Sim;ALVORADA;SECRETARIA MUNICIPAL DE SAUDE DE ALVORADA/TO
TO;170100;Não;ANANÁS;
TO;170105;Não;ANGICO;
TO;170110;Sim;APARECIDA DO RIO NEGRO;SECRETARIA MUNICIPAL DE SAUDE DE APARECIDA DO RIO NEGRO/TO
TO;170130;Sim;ARAGOMINAS;SECRETARIA MUNICIPAL DE SAUDE DE ARAGOMINAS/TO
TO;170190;Sim;ARAGUACEMA;SECRETARIA MUNICIPAL DE SAUDE DE ARAGUACEMA/TO
TO;170200;Sim;ARAGUACU;SECRETARIA MUNICIPAL DE SAUDE DE ARAGUACU/TO
TO;170210;Sim;ARAGUAINA;SECRETARIA MUNICIPAL DE SAUDE DE ARAGUAINA/TO
TO;170215;Sim;ARAGUANA;SECRETARIA MUNICIPAL DE SAUDE DE ARAGUANA/TO
TO;170220;Sim;ARAGUATINS;SECRETARIA MUNICIPAL DE SAUDE DE ARAGUATINS/TO
TO;170230;Sim;ARAPOEMA;SECRETARIA MUNICIPAL DE SAUDE DE ARAPOEMA/TO
TO;170240;Não;ARRAIAS;
TO;170255;Não;AUGUSTINÓPOLIS;
TO;170270;Não;AURORA DO TOCANTINS;
TO;170290;Sim;AXIXA DO TOCANTINS;SECRETARIA MUNICIPAL DE SAUDE DE AXIXA DO TOCANTINS/TO
TO;170300;Sim;BABACULANDIA;SECRETARIA MUNICIPAL DE SAUDE DE BABACULANDIA/TO
TO;170305;Sim;BANDEIRANTES DO TOCANTINS;SECRETARIA MUNICIPAL DE SAUDE DE BANDEIRANTES DO TOCANTINS/TO
TO;170307;Sim;BARRA DO OURO;SECRETARIA MUNICIPAL DE SAUDE DE BARRA DO OURO
TO;170310;Sim;BARROLANDIA;SECRETARIA MUNICIPAL DE SAUDE DE BARROLANDIA
TO;170320;Sim;BERNARDO SAYAO;SECRETARIA MUNICIPAL DE SAUDE DE BERNARDO SAYAO
TO;170330;Sim;BOM JESUS DO TOCANTINS;SECRETARIA MUNICIPAL DE SAUDE DE BOM JESUS DO TOCANTINS/TO
TO;170360;Não;BRASILÂNDIA DO TOCANTINS;
TO;170370;Sim;BREJINHO DE NAZARE;SECRETARIA MUNICIPAL DE SAUDE DE BREJINHO DE NAZARE
TO;170380;Sim;BURITI DO TOCANTINS;SECRETARIA MUNICIPAL DE SAUDE DE BURITI DO TOCANTINS/TO
TO;170382;Não;CACHOEIRINHA;
TO;170384;Sim;CAMPOS LINDOS;SECRETARIA MUNICIPAL DE SAUDE DE CAMPOS LINDOS
TO;170386;Não;CARIRI DO TOCANTINS;
TO;170388;Não;CARMOLÂNDIA;
TO;170389;Sim;CARRASCO BONITO;SECRETARIA MUNICIPAL DE SAUDE DE CARRASCO BONITO
TO;170390;Sim;CASEARA;SECRETARIA MUNICIPAL DE SAUDE DE CASEARA
TO;170410;Sim;CENTENARIO;SECRETARIA MUNICIPAL DE SAUDE DE CENTENARIO
TO;170460;Sim;CHAPADA DE AREIA;SECRETARIA MUNICIPAL DE SAUDE DE CHAPADA DA AREIA/TO
TO;170510;Sim;CHAPADA DA NATIVIDADE;SECRETARIA MUNICIPAL DE SAUDE DE CHAPADA DA NATIVIDADE
TO;170550;Sim;COLINAS DO TOCANTINS;SECRETARIA MUNICIPAL DE SAUDE DE COLINAS DO TOCANTINS/TO
TO;170555;Sim;COMBINADO;SECRETARIA MUNICIPAL DE SAUDE DE COMBINADO
TO;170560;Sim;CONCEICAO DO TOCANTINS;SECRETARIA MUNICIPAL DE SAUDE DE CONCEICAO DO TOCANTINS/TO
TO;170600;Sim;COUTO MAGALHAES;SECRETARIA MUNICIPAL DE SAUDE DE COUTO MAGALHAES
TO;170610;Sim;CRISTALANDIA;SECRETARIA MUNICIPAL DE SAUDE DE CRISTALANDIA/TO
TO;170625;Sim;CRIXAS DO TOCANTINS;SECRETARIA MUNICIPAL DE SAUDE DE CRIXAS DO TOCANTINS/TO
TO;170650;Sim;DARCINOPOLIS;SECRETARIA MUNICIPAL DE SAUDE DE DARCINOPOLIS
TO;170700;Sim;DIANOPOLIS;SECRETARIA MUNICIPAL DE SAUDE DE DIANOPOLIS
TO;170710;Sim;DIVINOPOLIS DO TOCANTINS;SECRETARIA MUNICIPAL DE SAUDE DE DIVINOPOLIS DO TOCANTINS/TO
TO;170720;Não;DOIS IRMÃOS DO TOCANTINS;
TO;170730;Sim;DUERE;SECRETARIA MUNICIPAL DE SAUDE DE DUERE
TO;170740;Sim;ESPERANTINA;SECRETARIA MUNICIPAL DE SAUDE DE ESPERANTINA
TO;170755;Sim;FATIMA;SECRETARIA MUNICIPAL DE SAUDE DE FATIMA
TO;170765;Sim;FIGUEIROPOLIS;SECRETARIA MUNICIPAL DE SAUDE DE FIGUEIROPOLIS
TO;170770;Sim;FILADELFIA;SECRETARIA MUNICIPAL DE SAUDE DE FILADELFIA/TO
TO;170820;Sim;FORMOSO DO ARAGUAIA;SECRETARIA MUNICIPAL DE SAUDE DE FORMOSO DO ARAGUAIA
TO;170825;Sim;FORTALEZA DO TABOCAO;SECRETARIA MUNICIPAL DE SAUDE DE FORTALEZA DO TABOCAO/TO
TO;170830;Sim;GOIANORTE;SECRETARIA MUNICIPAL DE SAUDE DE GOIANORTE/TO
TO;170900;Sim;GOIATINS;SECRETARIA MUNICIPAL DE SAUDE DE GOIATINS/TO
TO;170930;Sim;GUARAI;SECRETARIA MUNICIPAL DE SAUDE DE GUARAI/TO
TO;170950;Sim;GURUPI;SECRETARIA MUNICIPAL DE SAUDE DE GURUPI
TO;170980;Sim;IPUEIRAS;SECRETARIA MUNICIPAL DE SAUDE DE IPUEIRAS/TO
TO;171050;Sim;ITACAJA;SECRETARIA MUNICIPAL DE SAUDE DE ITACAJA
TO;171070;Sim;ITAGUATINS;SECRETARIA MUNICIPAL DE SAUDE DE ITAGUATINS
TO;171090;Sim;ITAPIRATINS;SECRETARIA MUNICIPAL DE SAUDE DE ITAPIRATINS/TO
TO;171110;Sim;ITAPORA DO TOCANTINS;SECRETARIA MUNICIPAL DE SAUDE DE ITAPORA DO TOCANTINS/TO
TO;171150;Não;JAÚ DO TOCANTINS;
TO;171180;Sim;JUARINA;SECRETARIA MUNICIPAL DE SAUDE DE JUARINA/TO
TO;171190;Sim;LAGOA DA CONFUSAO;SECRETARIA MUNICIPAL DE SAUDE DE LAGOA DA CONFUSAO/TO
TO;171195;Sim;LAGOA DO TOCANTINS;SECRETARIA MUNICIPAL DE SAUDE DE LAGOA DO TOCANTINS/TO
TO;171200;Não;LAJEADO;
TO;171215;Sim;LAVANDEIRA;SECRETARIA MUNICIPAL DE SAUDE DE LAVANDEIRA/TO
TO;171240;Sim;LIZARDA;SECRETARIA MUNICIPAL DE SAUDE DE LIZARDA/TO
TO;171245;Não;LUZINÓPOLIS;
TO;171250;Sim;MARIANOPOLIS DO TOCANTINS;SECRETARIA MUNICIPAL DE SAUDE DE MARIANOPOLIS
TO;171270;Não;MATEIROS;
TO;171280;Sim;MAURILANDIA DO TOCANTINS;SECRETARIA MUNICIPAL DE SAUDE DE MAURILANDIA DO TOCANTINS/TO
TO;171320;Sim;MIRACEMA DO TOCANTINS;SECRETARIA MUNICIPAL DE SAUDE DE MIRACEMA DO TOCANTINS/TO
TO;171330;Não;MIRANORTE;
TO;171360;Sim;MONTE DO CARMO;SECRETARIA MUNICIPAL DE SAUDE DE MONTE DO CARMO 
TO;171370;Não;MONTE SANTO DO TOCANTINS;
TO;171380;Sim;PALMEIRAS DO TOCANTINS;SECRETARIA MUNICIPAL DE SAUDE DE PALMEIRAS DO TOCANTINS/TO
TO;171395;Sim;MURICILANDIA;SECRETARIA MUNICIPAL DE SAUDE DE MURICILANDIA
TO;171420;Sim;NATIVIDADE;SECRETARIA MUNICIPAL DE SAUDE DE NATIVIDADE
TO;171430;Não;NAZARÉ;
TO;171488;Sim;NOVA OLINDA;SECRETARIA MUNICIPAL DE SAUDE DE NOVA OLINDA/TO
TO;171500;Sim;NOVA ROSALANDIA;SECRETARIA MUNICIPAL DE SAUDE DE NOVA ROSALANDIA
TO;171510;Sim;NOVO ACORDO;SECRETARIA MUNICIPAL DE SAUDE DE NOVO ACORDO
TO;171515;Não;NOVO ALEGRE;
TO;171525;Não;NOVO JARDIM;
TO;171550;Sim;OLIVEIRA DE FATIMA;SECRETARIA MUNICIPAL DE SAUDE DE OLIVEIRA DE FATIMA
TO;171570;Sim;PALMEIRANTE;SECRETARIA MUNICIPAL DE SAUDE DE PALMEIRANTE/TO
TO;171575;Sim;PALMEIROPOLIS;SECRETARIA MUNICIPAL DE SAUDE DE PALMEIROPOLIS
TO;171610;Sim;PARAISO DO TOCANTINS;SECRETARIA MUNICIPAL DE SAUDE DE PARAISO DO TOCANTINS/TO
TO;171620;Sim;PARANA;SECRETARIA MUNICIPAL DE SAUDE DE PARANA
TO;171630;Sim;PAU D'ARCO;SECRETARIA MUNICIPAL DE SAUDE DE PAU DARCO/TO
TO;171650;Sim;PEDRO AFONSO;SECRETARIA MUNICIPAL DE SAUDE DE PEDRO AFONSO
TO;171660;Sim;PEIXE;SECRETARIA MUNICIPAL DE SAUDE DE PEIXE
TO;171665;Sim;PEQUIZEIRO;SECRETARIA MUNICIPAL DE SAUDE DE PEQUIZEIRO
TO;171670;Sim;COLMEIA;SECRETARIA MUNICIPAL DE SAUDE DE COLMEIA
TO;171700;Sim;PINDORAMA DO TOCANTINS;SECRETARIA MUNICIPAL DE SAUDE DE PINDORAMA/TO
TO;171720;Sim;PIRAQUE;SECRETARIA MUNICIPAL DE SAUDE DE PIRAQUE
TO;171750;Sim;PIUM;SECRETARIA MUNICIPAL DE SAUDE DE PIUM
TO;171780;Sim;PONTE ALTA DO BOM JESUS;SECRETARIA MUNICIPAL DE SAUDE DE PONTE ALTA DO BOM JESUS
TO;171790;Sim;PONTE ALTA DO TOCANTINS;SECRETARIA MUNICIPAL DE SAUDE DE PONTE ALTA DO TOCANTINS/TO
TO;171800;Sim;PORTO ALEGRE DO TOCANTINS;SECRETARIA MUNICIPAL DE SAUDE DE PORTO ALEGRE DO TOCANTINS/TO
TO;171820;Sim;PORTO NACIONAL;SECRETARIA MUNICIPAL DE SAUDE DE PORTO NACIONAL/TO
TO;171830;Não;PRAIA NORTE;
TO;171840;Sim;PRESIDENTE KENNEDY;SECRETARIA MUNICIPAL DE SAUDE DE PRESIDENTE KENNEDY/TO
TO;171845;Sim;PUGMIL;SECRETARIA MUNICIPAL DE SAUDE DE PUGMIL
TO;171850;Sim;RECURSOLANDIA;SECRETARIA MUNICIPAL DE SAUDE DE RECURSOLANDIA/TO
TO;171855;Sim;RIACHINHO;SECRETARIA MUNICIPAL DE SAUDE DE RIACHINHO
TO;171865;Não;RIO DA CONCEIÇÃO;
TO;171870;Sim;RIO DOS BOIS;SECRETARIA MUNICIPAL DE SAUDE DE RIO DOS BOIS/TO
TO;171875;Sim;RIO SONO;SECRETARIA MUNICIPAL DE SAUDE DE RIO SONO
TO;171880;Sim;SAMPAIO;SECRETARIA MUNICIPAL DE SAUDE DE SAMPAIO/TO
TO;171884;Não;SANDOLÂNDIA;
TO;171886;Sim;SANTA FE DO ARAGUAIA;SECRETARIA MUNICIPAL DE SAUDE DE SANTA FE DO ARAGUAIA/TO
TO;171888;Sim;SANTA MARIA DO TOCANTINS;SECRETARIA MUNICIPAL DE SAUDE DE SANTA MARIA DO TOCANTINS/TO
TO;171889;Sim;SANTA RITA DO TOCANTINS;SECRETARIA MUNICIPAL DE SAUDE DE SANTA RITA DO TOCANTINS/TO
TO;171890;Sim;SANTA ROSA DO TOCANTINS;SECRETARIA MUNICIPAL DE SAUDE DE SANTA ROSA DO TOCANTINS/TO
TO;171900;Não;SANTA TEREZA DO TOCANTINS;
TO;172000;Não;SANTA TEREZINHA DO TOCANTINS;
TO;172010;Não;SÃO BENTO DO TOCANTINS;
TO;172015;Sim;SAO FELIX DO TOCANTINS;SECRETARIA MUNICIPAL DE SAUDE DE SAO FELIX DO TOCANTINS/TO
TO;172020;Sim;SAO MIGUEL DO TOCANTINS;SECRETARIA MUNICIPAL DE SAUDE DE SAO MIGUEL DO TOCANTINS/TO
TO;172025;Não;SÃO SALVADOR DO TOCANTINS;
TO;172030;Sim;SAO SEBASTIAO DO TOCANTINS;SECRETARIA MUNICIPAL DE SAUDE DE SAO SEBASTIAO DO TOCANTINS/TO
TO;172049;Sim;SAO VALERIO;SECRETARIA MUNICIPAL DE SAUDE DE SAO VALERIO DA NATIVIDADE
TO;172065;Sim;SILVANOPOLIS;SECRETARIA MUNICIPAL DE SAUDE DE SILVANOPOLIS
TO;172080;Sim;SITIO NOVO DO TOCANTINS;SECRETARIA MUNICIPAL DE SAUDE DE SITIO NOVO DO TOCANTINS/TO
TO;172085;Sim;SUCUPIRA;SECRETARIA MUNICIPAL DE SAUDE DE SUCUPIRA
TO;172090;Sim;TAGUATINGA;SECRETARIA MUNICIPAL DE SAUDE DE TAGUATINGA
TO;172093;Sim;TAIPAS DO TOCANTINS;SECRETARIA MUNICIPAL DE SAUDE DE TAIPAS DO TOCANTINS/TO
TO;172097;Sim;TALISMA;SECRETARIA MUNICIPAL DE SAUDE DE TALISMA
TO;172100;Sim;PALMAS;SECRETARIA MUNICIPAL DE SAUDE DE PALMAS/TO
TO;172110;Sim;TOCANTINIA;SECRETARIA MUNICIPAL DE SAUDE DE TOCANTINIA/TO
TO;172120;Sim;TOCANTINOPOLIS;SECRETARIA MUNICIPAL DE SAUDE DE TOCANTINOPOLIS/TO
TO;172125;Não;TUPIRAMA;
TO;172130;Não;TUPIRATINS;
TO;172208;Não;WANDERLÂNDIA;
TO;172210;Sim;XAMBIOA;SECRETARIA MUNICIPAL DE SAUDE DE XAMBIOA/TO
